排名,财富,姓名,性别,出生地,学历,学校,行业,公司,常驻地,年龄,财富变化,排名变化
1,3500.0,张一鸣,先生,中国-福建-龙岩,本科,南开大学,社交媒体,字节跳动,中国-北京,41,43%,4
2,3400.0,钟睒睒,先生,中国-浙江-绍兴,,,饮料、医疗保健,养生堂,中国-浙江-杭州,70,-24%,-1
3,3150.0,马化腾,先生,中国-海南,本科,深圳大学计算机与软件学院,互联网服务,腾讯,中国-广东-深圳,53,13%,-1
4,2450.0,黄峥,先生,中国-浙江-杭州,硕士,威斯康星大学麦迪逊分校,购物网站,拼多多,中国-上海,44,-9%,-1
5,2350.0,何享健,先生,中国-广东-佛山,,,家电制造,美的,中国-广东-佛山,82,18%,3
6,2000.0,曾毓群,先生,中国-福建-宁德,博士,,锂电池,宁德时代,中国-福建-宁德,56,-20%,-2
6,2000.0,丁磊,先生,中国-浙江-宁波,本科,电子科技大学,互联网技术,网易,中国-浙江-杭州,53,-17%,0
6,2000.0,李嘉诚、李泽钜,先生,中国-香港,,,投资,长江实业,中国-香港,96,-5%,1
9,1750.0,李兆基,先生,中国-广东-佛山,,,房地产,恒基兆业,中国-香港,96,9%,2
10,1650.0,马云,先生,中国-浙江-杭州,本科,杭州师范学院,电子商务、金融科技,阿里系,中国-浙江-杭州,60,-3%,0
11,1450.0,李书福,先生,中国-浙江-台州,博士,哈尔滨工业大学,汽车制造,吉利,中国-浙江-杭州,61,-17%,-2
11,1450.0,严昊,先生,中国-江苏-淮安,本科,,基础建设,太平洋建设,中国-江苏-南京,38,-3%,1
11,1450.0,张刚,先生,中国-山东-聊城,硕士,,电解铝、氧化铝,信发铝电,中国-山东-聊城,43,7%,5
14,1400.0,李蔡美灵,先生,中国-香港,,,调味品,李锦记,中国-香港,未知,0%,0
14,1400.0,吕向阳、张长虹,先生,中国-安徽-芜湖,,,投资,融捷,中国-广东-广州,61,0%,0
16,1350.0,秦英林、钱瑛,先生,中国-河南-南阳,本科,河南农业大学,畜牧,牧原,中国-河南-南阳,59,-7%,-3
16,1350.0,王传福,先生,中国-安徽-芜湖,本科,中南大学,汽车、充电电池,比亚迪,中国-广东-深圳,58,0%,0
16,1350.0,赵长鹏,先生,中国-江苏-连云港,本科,,虚拟货币交易所,币安,阿联酋迪拜,47,200%,81
19,1300.0,雷军,先生,中国-湖北-仙桃,本科,武汉大学,智能硬件与技术、投资,小米,中国-北京,55,38%,15
20,1250.0,陈建华、范红卫,先生,中国-江苏-苏州,硕士,,化纤、石化、房地产,恒力,中国-江苏-苏州,53,0%,0
20,1250.0,张志东,先生,中国-广东-东莞,硕士,华南理工大学,互联网服务,腾讯,中国-广东-深圳,52,14%,6
22,1200.0,刘永行、刘相宇,先生,中国-四川-成都,博士,西华大学,氧化铝、重化工、饲料,东方希望,中国-上海,76,-8%,-4
23,1100.0,王卫,先生,中国-上海,,,快递,顺丰,中国-香港,54,-12%,-3
23,1100.0,魏建军、韩雪娟,先生,中国-河北-保定,,,汽车制造,长城,中国-河北-保定,60,-8%,1
23,1100.0,郑淑良,先生,中国-山东,,,铝业、纺织,魏桥创业,中国-山东-滨州,78,31%,15
26,1000.0,李西廷,先生,中国-安徽-宿州,本科,中国科技大学,医疗器械,迈瑞,新加坡,73,0%,1
27,950.0,党彦宝,先生,,本科,,煤化工,宝丰,中国-宁夏-吴忠,51,0%,4
27,950.0,徐航,先生,中国-广东-广州,本科,清华大学,医疗器械、房地产,迈瑞、鹏瑞,中国-广东-深圳,62,-5%,0
27,950.0,郑家纯,先生,中国-香港,,,珠宝,周大福,中国-香港,76,-27%,-9
30,930.0,郭台铭,先生,中国-台湾-新北,,,电子制造,鸿海,中国-台湾-台北,74,55%,36
30,930.0,吴光正,先生,中国-上海,,,房地产,会德丰,中国-香港,78,-7%,-3
32,910.0,刘銮雄,先生,中国-香港,,,房地产,华人置业,中国-香港,73,-1%,3
33,890.0,黄世霖,先生,中国-福建-宁德,本科,,锂电池,宁德时代,中国-福建-宁德,57,-23%,-8
34,885.0,王兴,先生,中国-福建-龙岩,本科,清华大学,生活服务,美团,中国-北京,45,-29%,-14
35,870.0,庞康,先生,中国-广东-佛山,本科,,调味品,海天味业,中国-广东-佛山,68,9%,5
36,850.0,杜纪川,先生,中国-重庆,,,半导体,金士顿科技,美国-洛杉矶,83,6%,4
36,850.0,孙大卫,先生,中国-台湾-台北,,,半导体,金士顿科技,美国-洛杉矶,73,6%,4
38,810.0,林立,先生,中国-广东-河源,硕士,湖北工业大学,投资,立业,中国-广东-深圳,61,-10%,-2
38,810.0,宗馥莉,女士,,,,饮料,娃哈哈,中国-浙江-杭州,未知,-15%,-7
40,800.0,吕志和,先生,中国-香港,,,博彩,银河,中国-香港,95,-36%,-20
40,800.0,严彬,先生,中国-河南-新乡,,,饮料、地产,华彬,中国-北京,70,-20%,-13
42,770.0,钟慧娟,女士,,,,医药,翰森,中国-上海,63,83%,69
43,750.0,李泽楷,先生,中国-香港,,,电信,电讯盈科,中国-香港,58,-3%,1
44,730.0,蔡浩宇,先生,中国-山东-济南,,,游戏,米哈游,中国-上海,37,9%,11
45,720.0,张聪渊,先生,中国-台湾-桃园,,,鞋业,华利实业,中国-广东-中山,76,24%,26
46,700.0,刘汉元、管亚梅,先生,中国-四川-眉山,,北大光华管理学院,新能源、农业,通威,中国-四川-成都,60,-26%,-15
47,695.0,林百里,先生,中国-上海,,,消费电子产品,广达电脑,中国-台湾-桃园,75,10%,12
48,690.0,刘永好,先生,中国-四川-成都,,四川工程职业技术学院,农业、化工、金融,新希望,中国-四川-成都,73,-20%,-11
49,680.0,蔡崇信,先生,中国-台湾,,,电子商务、金融科技,阿里系,中国-香港,60,42%,37
50,670.0,陈东升,先生,中国-湖北-荆门,博士,武汉大学,保险,泰康,中国-北京,67,-4%,0
50,670.0,项光达,先生,中国-浙江-温州,,,钢铁,青山控股,中国-浙江-温州,66,97%,94
50,670.0,于泳,先生,,,,钼矿,鸿商产业,中国-上海,未知,6%,9
50,670.0,张国华,先生,中国-台湾-台北,,,物流、钢铁,长荣集团,中国-台湾-台北,69,38%,35
54,665.0,邝肖卿,女士,中国-香港,,,房地产,新鸿基,中国-香港,95,-8%,-8
55,650.0,孙飘扬,先生,中国-江苏-镇江,硕士,南京大学,医药,恒瑞,中国-上海,66,7%,9
56,635.0,周群飞、郑俊龙,女士,中国-湖南-湘潭,,,电子器件制造,蓝思科技,中国-湖南-长沙,54,40%,36
57,630.0,王来胜、王雅媛,先生,中国-广东-汕头,,,消费电子,立讯精密,中国-广东-深圳,60,17%,19
57,630.0,徐浩宇,先生,中国-江苏-泰州,,,医药,扬子江药业,中国-江苏-泰州,52,5%,9
59,620.0,王来春,女士,中国-广东-汕头,,清华大学深圳研究生院,消费电子,立讯精密,中国-广东-深圳,57,17%,18
59,620.0,朱保国,先生,中国-河南-新乡,硕士,河南师范大学,医药,健康元,中国-广东-深圳,62,-3%,-1
61,615.0,龚虹嘉、陈春梅,先生,,本科,华中科技大学,视频监控产品,海康威视,中国-香港,59,-13%,-14
62,610.0,岑均达,先生,,,,医药,恒瑞、翰森,中国-江苏-连云港,未知,22%,17
63,600.0,梁稳根、梁在中,先生,中国-湖南-娄底,本科,中南大学,重型机械,三一,中国-湖南-长沙,68,-15%,-16
63,600.0,王玉锁、赵宝菊,先生,中国-河北-廊坊,硕士,天津财经大学,天然气、能源化工,新奥,中国-河北-廊坊,60,9%,12
65,590.0,陈天桥、雒芊芊,先生,中国-浙江-绍兴,本科,复旦大学,投资,盛大,新加坡,51,11%,12
65,590.0,汪俊林,先生,中国-四川-眉山,本科,泸州医学院（西南医科大学）,白酒,郎酒,中国-四川-成都,62,-17%,-18
67,575.0,杜双华,先生,中国-河北-衡水,,,钢铁,日照钢铁,中国-山东-日照,59,1%,6
68,550.0,陈丽华,女士,中国-北京,博士,美国佐治亚州萨凡那艺术设计学院,房地产、紫檀博物馆,富华,中国-北京,83,-5%,3
68,550.0,李水荣,先生,中国-浙江,,,化纤,荣盛控股,中国-浙江-杭州,68,-19%,-15
70,540.0,张勇、舒萍,先生,中国-四川-成都,,,餐饮,海底捞,新加坡,53,-28%,-25
71,525.0,李彦宏、马东敏,先生,中国-山西-阳泉,硕士,布法罗纽约州立大学,网络信息服务,百度,中国-北京,56,-36%,-32
72,520.0,曹仁贤、苏蕾,先生,中国-浙江-杭州,硕士,,光伏设备,阳光电源,中国-安徽-合肥,56,8%,14
72,520.0,刘强东、章泽天,先生,中国-江苏-宿迁,本科,中国人民大学,电子商务、金融,京东,中国-北京,50,-13%,-6
74,510.0,林木勤、林煜鹏,先生,中国-广东-深圳,,,食品饮料,东鹏饮料,中国-广东-深圳,60,17%,34
74,510.0,朱义,先生,,,,医药,百利天恒,中国-成都,61,89%,114
76,500.0,汪立平,先生,中国-江苏-无锡,,,高压油缸,恒立液压,中国-江苏-常州,58,-18%,-12
76,500.0,许仰天,先生,山东-淄博,,,电商,希音,中国-广东-广州,40,0%,3
76,500.0,严昕,女士,中国-江苏-淮安,,,基础设施建设,苏商,中国-江苏-淮安,41,6%,13
79,490.0,林斌,先生,,硕士,美国费城Drexel大学,智能硬件与技术,小米,中国-北京,56,42%,61
79,490.0,罗立国,先生,中国-浙江-宁波,,,硅材料,合盛,中国-浙江-宁波,68,-18%,-13
79,490.0,吴亚军,女士,中国-重庆,本科,西北工业大学,房地产,龙湖,中国-北京,60,-26%,-22
82,480.0,裴振华、容建芬,先生,,,,超净产品,天华超净,中国-江苏-苏州,未知,-23%,-19
82,480.0,许世辉,先生,中国-福建-泉州,,,食品,达利食品,中国-福建-泉州,67,4%,9
84,460.0,蔡明兴,先生,中国-台湾,,,金融服务,富邦,中国-台湾-台北,67,33%,56
84,460.0,陈邦,先生,中国-湖南-长沙,硕士,,医疗服务,爱尔眼科,中国-湖南-长沙,59,-43%,-44
86,450.0,黄楚龙,先生,中国-广东-揭阳,,,房地产、投资,星河,中国-广东-深圳,65,-8%,-2
86,450.0,李华,先生,中国-四川,本科,华南理工大学,房地产,卓越,中国-广东-深圳,58,-33%,-31
88,440.0,蔡明忠,先生,中国-台湾,,,金融服务,富邦,中国-台湾-台北,68,38%,67
88,440.0,谢青,先生,中国-北京,硕士,,网路安全,飞塔,美国-旧金山,未知,24%,42
90,435.0,李天颖,先生,中国-香港,,,房地产,新鸿基,中国-香港,未知,-4%,2
90,435.0,米高·嘉道理,先生,中国-香港,,,能源,中电,中国-香港,83,6%,23
92,430.0,陈贤哲,先生,中国-台湾,,,投资,北极星,中国-台湾-台北,71,-4%,5
92,430.0,张虔生,先生,中国-台湾,,,工业品、房地产,日月光,中国-台湾-高雄,80,21%,38
94,425.0,虞仁荣,先生,,本科,,半导体,韦尔股份,中国-上海,58,-4%,8
95,420.0,蔡宏图,先生,中国-台湾,,,金融服务,霖园,中国-台湾-台北,72,29%,55
95,420.0,杨惠妍,女士,中国-广东-佛山,本科,俄亥俄州立大学,投资、房地产、教育,碧桂园,中国-广东-佛山,43,-13%,-9
97,415.0,沈国军,先生,中国-浙江-宁波,硕士,中南财经大学,零售、房地产、物流,银泰,中国-北京,62,-34%,-38
97,415.0,宋建波,先生,中国-山东-烟台,,,铝业、纺织、房地产,南山,中国-山东-烟台,54,11%,26
99,410.0,霍斯特·帕德威尔,先生,中国-香港,,,消费品,创科实业,中国-香港,79,34%,66
99,410.0,鲁伟鼎,先生,中国-浙江-杭州,,,汽车制造业、房地产、农业,万向,中国-浙江-杭州,53,-7%,6
99,410.0,其实,先生,中国-上海,博士,复旦大学,信息服务,东方财富,中国-上海,54,-32%,-33
99,410.0,阮立平,先生,,,,插座,公牛,中国-宁波,60,-7%,6
103,405.0,方威,先生,中国-辽宁-沈阳,,,碳素、钢铁、煤焦,方大,中国-北京,51,-36%,-44
103,405.0,蒋仁生,先生,中国-广西-桂林,,桂林医学院,疫苗,智飞生物,中国-重庆,71,-40%,-50
103,405.0,阮学平,先生,,,,插座,公牛,中国-宁波,52,-8%,2
103,405.0,朱孟依,先生,中国-广东-梅州,,,房地产、投资,合生创展,中国-广东-广州,65,-11%,-11
107,400.0,蔡衍明,先生,中国-台湾-台北,,,食品和饮料,旺旺,中国-台湾-台北,67,-7%,2
107,400.0,丁世忠,先生,中国-福建-泉州,,,体育用品,安踏,中国-福建-厦门,54,-10%,-5
107,400.0,赖海民,先生,中国-广东-揭阳,,,房地产,鸿荣源,中国-广东-深圳,58,-20%,-28
107,400.0,刘伟,先生,,,,游戏,米哈游,中国-上海,37,8%,19
107,400.0,苏海文,先生,奥地利,,,物流,BW,中国-香港,83,4%,11
112,395.0,王旭宁,先生,中国-北京,硕士,,小家电,JS环球生活,中国-上海,55,126%,201
113,390.0,谢华,先生,中国-北京,硕士,,网路安全,飞塔,美国-旧金山,未知,24%,46
114,385.0,蔡政达,先生,中国-台湾,,,金融服务,霖园,中国-台湾-台北,未知,28%,53
114,385.0,李平,先生,,本科,,锂电池,宁德时代,中国-福建-宁德,56,-23%,-35
116,380.0,曾芳勤,女士,,,,消费电子精密件,领益智造,中国-广东-深圳,59,38%,68
116,380.0,丁世家,先生,中国-福建-泉州,,,体育用品,安踏,中国-福建-厦门,60,-11%,-6
116,380.0,罗宇皓,先生,,,,游戏,米哈游,中国-上海,37,9%,21
116,380.0,沈彬,未知,中国-浙江-杭州,本科,,钢铁,沙钢,江苏苏州,未知,-1%,2
120,375.0,李小冬,先生,,,,网络游戏、电商,冬海集团,新加坡,46,92%,154
120,375.0,谢炳,先生,中国-广东-汕头,,,医药,中生制药,中国-香港,72,6%,10
122,370.0,高德康,先生,中国-江苏-苏州,,,服装,波司登,中国-江苏-苏州,72,19%,40
122,370.0,马建荣,先生,中国-浙江,,,纺织、服装,申洲针织,中国-浙江-宁波,59,-17%,-20
122,370.0,修涞贵、李艳华,先生,中国-吉林,本科,吉林大学,医药,修正药业,中国-吉林-长春,69,4%,8
125,360.0,邬建树,先生,中国-浙江-宁波,,,汽车零部件制造,拓普,中国-浙江-宁波,60,-36%,-51
126,355.0,陈发树,先生,中国-福建-泉州,,,医药、零售、投资,新华都,中国-福建-福州,63,-7%,-4
126,355.0,黄如论、黄涛,先生,中国-福建-福州,,,房地产,世纪金源,中国-北京,73,0%,4
128,350.0,赖梅松,先生,,,,物流,中通,中国-上海,54,-9%,-10
128,350.0,汪滔,先生,中国-浙江-杭州,本科,香港科技大学,无人机,大疆,中国-广东-深圳,44,-30%,-49
128,350.0,张和君,先生,,,,电器零部件制造,德业股份,中国-浙江-宁波,72,40%,77
131,340.0,朱艳,先生,中国-陕西-渭南,,,房地产服务,贝壳,中国-北京,53,-7%,-3
132,335.0,陈志列、王蓉,先生,中国-江苏-无锡,硕士,西北工大研究生院,特种计算机,研祥,中国-广东-深圳,61,8%,30
132,335.0,李想,先生,,,,新能源汽车,理想汽车,中国-北京,43,-52%,-82
132,335.0,张忠谋,先生,中国-浙江-宁波,,,半导体,台积电,中国-台湾-新竹,93,72%,142
135,330.0,刘金成、骆锦红,先生,中国-湖北-武汉,硕士,,锂电池,亿纬锂能,中国-广东-惠州,60,-27%,-43
135,330.0,张志祥,先生,中国-浙江-宁波,本科,东北大学,钢铁、矿业、船运,建龙,中国-北京,57,-1%,11
137,325.0,李革,先生,中国-北京,,美国哥伦比亚大学,医药,药明康德,中国-上海,57,-28%,-40
137,325.0,林张素娥,先生,,,,房地产、金融,联邦,中国-台湾-台北,未知,3%,22
137,325.0,史玉柱、史静,先生,中国-安徽-蚌阜,本科,深圳大学,金融、在线游戏、投资,巨人,中国-上海,62,-8%,-7
140,320.0,陈天石,先生,,,,人工智能芯片,寒武纪,中国-北京,39,73%,150
140,320.0,何小鹏,先生,中国-湖北-黄石,本科,,新能源汽车,小鹏汽车,中国-广东-广州,47,-29%,-43
140,320.0,胡凯军,先生,,,,医药,远大,中国-北京,62,-14%,-14
143,315.0,陈金霞,女士,中国-上海,硕士,上海财经大学,医药、投资,涌金投资,中国-上海,56,-2%,12
144,310.0,何超琼,女士,中国-香港,,,博彩,信德、美高梅中国,中国-香港,62,2%,21
145,305.0,郭炳联,先生,中国-香港,,,房地产,新鸿基,中国-香港,72,-6%,5
145,305.0,郭基辉,先生,中国-香港,,,房地产,新鸿基,中国-香港,41,-6%,5
145,305.0,施永宏、李海燕,先生,中国-四川-成都,,,餐饮,海底捞,中国-北京,54,-22%,-30
148,300.0,程雪,女士,中国-江苏-盐城,本科,,调味品,海天味业,中国-广东-佛山,54,9%,36
148,300.0,董建成,先生,中国-上海,,,运输,东方海外,中国-香港,81,0%,19
148,300.0,林建华、张虹,先生,中国-福建,本科,,光伏材料,福斯特,中国-浙江-杭州,62,-25%,-34
148,300.0,刘益谦,先生,中国-上海,,,投资,新理益,中国-上海,61,-20%,-25
148,300.0,沈南鹏,先生,中国-浙江-嘉兴,硕士,耶鲁大学,投资,红杉,中国-香港,57,11%,40
148,300.0,杨建文,先生,中国-香港,,,工业产品,伯恩光学,中国-香港,71,15%,51
148,300.0,易峥,先生,中国-北京,本科,浙江大学,软件,同花顺,中国-浙江-杭州,54,-9%,0
155,295.0,陈凯旋,先生,中国-广东-揭阳,,中山大学,日化用品,立白,中国-广东-广州,66,-8%,0
155,295.0,辜仲立,先生,中国-台湾-台北,,,金融服务,中信金控,中国-台湾-台北,57,9%,33
157,290.0,蔡奎,先生,中国-四川-资阳,本科,南京航空航天大学,房地产,龙湖,中国-香港,63,-26%,-42
157,290.0,蔡志明,先生,中国-广东-揭阳,,,玩具,旭日国际,中国-香港,79,4%,22
157,290.0,米恩华,先生,中国-山东-泰安,,,地产、畜牧,华凌工贸,中国-新疆-乌鲁木齐,66,2%,17
157,290.0,王健林,先生,中国-四川-绵阳,本科,辽宁大学,房地产、文化,万达,中国-北京,70,-38%,-68
157,290.0,吴向东,先生,中国-湖南-株洲,,,酒业、投资,华泽,中国-北京,54,-16%,-17
157,290.0,杨绍鹏,先生,中国-山东-青岛,,,航运,海丰,中国-上海,68,21%,57
157,290.0,尤小平,先生,中国-浙江-温州,,,化工、铝业、投资,华峰,中国-浙江-温州,66,2%,17
164,285.0,蔡明介,先生,中国-台湾,,,半导体,联发科技,中国-台湾-新竹,74,50%,116
164,285.0,陈华,先生,中国-广东-湛江,,,房地产、投资,京基,中国-广东-深圳,58,-19%,-27
164,285.0,郭广昌,先生,中国-浙江-金华,硕士,复旦大学,投资,复星,中国-上海,57,-16%,-20
164,285.0,赵涛,先生,中国-陕西-西安,硕士,西安医科大学,医药,步长,中国-北京,58,-3%,6
168,280.0,钭正刚,先生,中国-浙江,,,能源、化工,锦江,中国-浙江-杭州,71,12%,37
168,280.0,李华,先生,,本科,,金融服务,富途,中国-香港,46,4%,20
168,280.0,孙广信,先生,中国-新疆-乌鲁木齐,硕士,西安陆军学院,汽车销售、能源、房地产,广汇,中国-新疆-乌鲁木齐,62,-11%,-9
168,280.0,徐旭东,先生,中国-上海,,,金融服务,远东,中国-台湾-新北,83,33%,85
172,275.0,王宁,先生,中国-河南-新乡,,,玩具,泡泡玛特,中国-北京,37,72%,186
173,270.0,李贤义,先生,中国-福建-泉州,,,玻璃,信义,中国-香港,72,-25%,-44
173,270.0,涂辉龙,先生,中国-广东-汕尾,硕士,,商业、金融、地产,海雅,中国-广东-深圳,65,0%,15
173,270.0,朱鼎健,先生,中国-香港,本科,加拿大西安大略大学,房地产,观澜湖,中国-广东-深圳,50,0%,15
176,265.0,梁庆德,先生,中国-广东-佛山,,,家电,格兰仕,中国-广东-佛山,87,-15%,-14
176,265.0,夏佐全,先生,中国-湖北-襄阳,本科,,汽车、充电电池,比亚迪,中国-广东-深圳,61,-7%,-2
176,265.0,叶澄海、廖清清,先生,中国-广东-梅州,硕士,中国人民大学,医药,信立泰,中国-广东-深圳,81,6%,29
179,260.0,江南春,先生,中国-上海,本科,华东师范大学,数字新媒体、投资,分众传媒,中国-上海,51,-19%,-24
179,260.0,李振国、李喜燕,先生,中国-河南-许昌,硕士,,硅材料,隆基,中国-陕西-西安,56,-37%,-67
179,260.0,林陈海,先生,中国-台湾-台北,,,房地产,宝佳,中国-台湾-新北,未知,21%,64
179,260.0,林鸿南,先生,中国-台湾,,,投资,宏泰,中国-台湾-台北,57,6%,33
179,260.0,刘克振,先生,中国-台湾,,,电脑产品,研华,中国-台湾-台北,70,8%,35
179,260.0,张磊,先生,中国-河南-驻马店,硕士,美国耶鲁大学,投资,高瓴资本,中国-香港,52,8%,35
185,255.0,李春安,先生,中国-甘肃-兰州,硕士,,硅材料,隆基,中国-陕西-西安,56,-9%,-6
185,255.0,缪汉根、朱红梅,先生,中国-江苏-苏州,,,印染、化纤、房地产,盛虹,中国-江苏-苏州,59,-35%,-70
185,255.0,叶国富、杨云云,先生,中国-湖北-十堰,,,新零售,名创优品,中国-广东-广州,47,-34%,-67
185,255.0,余竹云,先生,中国-浙江-衢州,,,绿色建材、新能源,中环新能源,中国-安徽-合肥,51,113%,307
185,255.0,喻会蛟,先生,中国-浙江,,,物流,圆通速递,中国-上海,55,0%,17
185,255.0,周建平,先生,中国-江苏-无锡,,,服装、投资,海澜,中国-江苏-无锡,63,-12%,-14
191,250.0,曹德旺,先生,中国-福建-福州,,,玻璃,福耀玻璃,中国-福建-福州,78,19%,62
191,250.0,杜江涛、郝虹,先生,中国-内蒙古-乌海,本科,,煤化工、电力、运输,君正,中国-内蒙古-乌海,55,0%,14
191,250.0,缪寿良,先生,中国-广东,,美国席勒国际大学,房地产、水电,富源,中国-广东-深圳,69,-7%,-3
191,250.0,彭铁缆,先生,中国-湖南-长沙,,,企业服务,博深集团,中国-湖南-长沙,未知,4%,23
191,250.0,宋涛,先生,,,,游戏,米哈游,中国-上海,48,6%,32
196,245.0,严建亚、范代娣,先生,,,,生物科技,巨子生物,中国-西安,58,9%,36
196,245.0,袁征,先生,中国-山东,硕士,,视频软件,zoom,美国-加州,54,-6%,3
198,240.0,郭金树,先生,中国-内蒙古-鄂尔多斯,,,煤炭、路桥、房地产,汇能,中国-内蒙古-鄂尔多斯,73,41%,127
198,240.0,姜滨、胡双美,先生,中国-山东-威海,本科,清华大学,声学及多媒体产品,歌尔股份,中国-山东-潍坊,58,23%,76
198,240.0,许家彰,先生,,,,化工,奇美,中国-台湾-台南,未知,-4%,7
198,240.0,姚良松,先生,中国-广东-梅州,本科,北京航空航天大学,橱柜,欧派家居,中国-广东-广州,60,-47%,-106
198,240.0,朱共山,先生,中国-江苏-盐城,博士,菲律宾比利勤国立大学,太阳能芯片、发电厂,协鑫,中国-香港,66,14%,55
203,235.0,曹其峰,先生,中国-香港,,,杂货,永新,中国-香港,78,2%,24
203,235.0,张茵,女士,中国-广东-韶关,本科,,环保造纸,玖龙纸业,中国-广东-东莞,67,-15%,-19
203,235.0,郑崇华,先生,中国-福建-南平,,,半导体,台达电子,中国-台湾-台北,88,12%,50
206,230.0,陈大年,先生,中国-浙江-绍兴,,,上网平台,掌门科技,中国-上海,46,-4%,8
206,230.0,廖龙星,先生,中国-台湾,,,化工,长春,中国-台湾-台北,未知,0%,21
206,230.0,林书鸿,先生,中国-台湾,,,化工,长春,中国-台湾-台北,96,0%,21
206,230.0,王麒诚、吴艳,先生,中国-浙江-杭州,本科,浙江大学,文化传媒、投资,汉鼎宇佑,中国-上海,44,2%,26
206,230.0,徐波,先生,,,,网络游戏,多益网络,中国-广东-广州,47,-15%,-18
206,230.0,许荣茂,先生,中国-福建-泉州,,美国国立波士顿大学,投资、房地产,世茂,中国-香港,74,-8%,-1
206,230.0,郑正,先生,中国-台湾,,,化工,长春,中国-台湾-台北,未知,0%,21
213,225.0,董经贵、钱静红,先生,,,,电动车,雅迪,中国-上海,54,-22%,-42
213,225.0,刘炽平,先生,中国-北京,硕士,斯坦福大学\西北大学凯洛格管理学院,互联网服务,腾讯,中国-广东-深圳,51,10%,48
213,225.0,茅理翔,先生,中国-浙江-宁波,,,厨具,方太厨具,中国-浙江-宁波,83,-12%,-11
213,225.0,孙纪木、孙春莉,先生,中国-浙江-绍兴,硕士,浙江农业大学,钢铁,新华联合冶金,中国-北京,68,-6%,1
213,225.0,吴光明、吴群,先生,中国-江苏-镇江,硕士,,医疗设备,鱼跃医疗,中国-江苏-镇江,62,-6%,1
213,225.0,尹衍梁,先生,中国-台湾-台北,,,建筑开发、金融保险,润泰,中国-台湾-台北,74,7%,40
213,225.0,张红超,先生,中国-河南-商丘,,,餐饮,蜜雪冰城,中国-河南-郑州,46,-20%,-34
213,225.0,张红甫,先生,中国-河南-商丘,,,餐饮,蜜雪冰城,中国-河南-郑州,39,-20%,-34
213,225.0,赵燕,女士,中国-云南-昆明,本科,美国福特汉姆大学,生物医药、房地产,华熙国际,中国-北京,57,-36%,-76
213,225.0,郑坚江,先生,中国-浙江-宁波,,,家电、房地产,奥克斯,中国-浙江-宁波,63,67%,214
213,225.0,朱林瑶,女士,中国-四川,,,香精香料、烟草,华宝国际,中国-广东-深圳,54,-4%,10
224,220.0,蔡镇宇,先生,中国-台湾-台北,,,金融服务,宝丰隆,中国-台湾-台北,71,2%,19
224,220.0,崔根良、崔巍,先生,中国-江苏-苏州,,,电缆、热能电力、投资,亨通,中国-江苏-苏州,66,-27%,-57
224,220.0,郭建军,先生,,,,煤炭、路桥、房地产,汇能,中国-内蒙古-鄂尔多斯,未知,26%,89
224,220.0,罗才仁,先生,中国-台湾-彰化,,,橡胶,正新橡胶,中国-台湾-彰化,71,19%,66
228,215.0,郭梅兰、张寓帅,女士,,,,医药、电子新材料,东阳光,中国-广东-东莞,未知,13%,52
228,215.0,薛敏,先生,,,,医疗设备,联影医疗,中国-上海,未知,-4%,4
228,215.0,赵藤雄,先生,中国-台湾,,,房地产,远雄,中国-台湾-台北,80,26%,97
231,210.0,陈永泰,先生,中国-台湾-台北,,,办公家具、房地产,震旦,中国-台湾-台北,88,0%,22
231,210.0,仇建平、王玲玲,先生,中国-浙江-杭州,硕士,,工具制造,巨星科技,中国-浙江-杭州,62,20%,82
231,210.0,马维建,先生,,,,金融服务,元大,中国-台湾-台北,未知,17%,71
234,205.0,郭恩元,先生,中国-河北-邯郸,,,钢铁、煤化工,普阳钢铁,,76,5%,40
234,205.0,冷友斌,先生,中国-黑龙江-黑河,,,乳业,中国飞鹤,中国-北京,55,-5%,9
234,205.0,宿华,先生,中国-湖南,硕士,清华大学,传媒娱乐,快手科技,中国-北京,42,-23%,-37
234,205.0,叶刚,先生,,,,网络游戏、电商,冬海集团,新加坡,43,86%,302
234,205.0,张道才,先生,中国-浙江-绍兴,,,工业设备、汽车零部件、房地产,三花控股,中国-浙江-绍兴,74,-38%,-86
239,200.0,黄柏年,先生,印尼,,,房地产,外滩中心,中国-上海,68,0%,29
239,200.0,倪祖根,先生,中国-江苏-苏州,本科,,小家电,莱克电气,中国-江苏-苏州,67,-11%,-7
239,200.0,潘政民,先生,中国-江苏,本科,江苏省武进师范学校,消费电子精密件,瑞声科技,中国-广东-深圳,57,67%,253
239,200.0,彭国远,先生,中国-广东-汕尾,硕士,,教育、房地产,心里程,中国-广东-深圳,38,-7%,4
239,200.0,许家印,先生,中国-河南-周口,硕士,武汉科技大学,投资、房地产,恒大,中国-广东-广州,66,0%,29
239,200.0,杨致远,先生,中国-台湾-台北,,,投资,雅虎,美国,56,14%,74
239,200.0,张峻、陶美萦,先生,中国-广东-揭阳,,,保险,富德,中国-广东-深圳,未知,-9%,-2
239,200.0,张兴海、颜敏,先生,中国-重庆,硕士,,汽车、汽车零配件,小康控股,中国-重庆,61,82%,297
247,195.0,胡柏藩,先生,中国-浙江-绍兴,硕士,浙江大学,医药,新和成,中国-浙江-绍兴,62,18%,95
247,195.0,黄光苗,先生,中国-广东-汕头,,,房地产,中洲,中国-广东-深圳,55,-3%,21
247,195.0,林敏雄,女士,,,,房地产,元利,中国-台湾-台北,74,3%,33
247,195.0,阮洪良,先生,中国-浙江,,,光伏材料,福莱特,中国-浙江-嘉兴,63,-45%,-117
247,195.0,王伟修、王晓东,先生,中国-山东,,,通信设备,中际旭创,中国-山东-烟台,74,30%,130
247,195.0,薛华,先生,,本科,,饲料,海大,中国-广东-广州,54,-11%,-10
247,195.0,张剑、张格格,先生,中国-河南-商丘,,,电动自行车,爱玛,中国-天津,55,5%,43
247,195.0,周超男,先生,中国-湖南-衡阳,,,软件与信息技术服务,润泽科技,中国-河北-廊坊,64,-5%,14
255,190.0,曹龙祥、曹飞,先生,,,,医药,济川控股,中国-江苏-泰兴,67,9%,58
255,190.0,陈泰铭,先生,中国-台湾-台南,,,电子制造、收藏,国巨,中国-台湾-台北,68,6%,47
255,190.0,范现国、范明强,先生,中国-河北-邢台,,,食品与饮料,今麦郎,中国-河北-邢台,64,-12%,-12
255,190.0,李赶坡,先生,中国-河北,,,钢铁,敬业,中国-河北-石家庄,75,0%,25
255,190.0,李义海、李鑫,先生,中国-江西-南昌,本科,江西师范大学,医药,济民可信,中国-江西-南昌,61,-43%,-109
255,190.0,廖汤慧霭,女士,中国-香港,,,房地产,纪惠,中国-香港,76,6%,47
255,190.0,王正华,先生,中国-上海,硕士,,航空,春秋航空,中国-上海,80,-12%,-12
255,190.0,吴以岭,先生,中国-河北-衡水,硕士,,医药,以岭,中国-河北-石家庄,75,-25%,-53
255,190.0,项光通,先生,中国-浙江-温州,,,钢铁,青山控股,中国-浙江-温州,未知,90%,330
255,190.0,周晓萍,女士,中国-江苏-常州,,,汽车灯具,星宇股份,中国-江苏-常州,63,-19%,-32
265,185.0,曾小山,先生,中国-湖南-邵东,,,铝业,曾氏企业,中国-湖南-长沙,79,0%,25
265,185.0,陈志平,先生,,,,电子烟,思摩尔,中国-广东-深圳,48,12%,77
265,185.0,傅利泉、陈爱玲,先生,中国-浙江-杭州,,浙江电子工业学校,软件、电子通讯产品,大华技术,中国-浙江-杭州,57,-35%,-91
265,185.0,黄敏利、许慧卿,先生,中国-福建-泉州,本科,,休闲沙发,敏华,中国-香港,59,-10%,-4
265,185.0,黄文仔,先生,中国-广东-广州,硕士,,房地产、投资,星河湾,中国-广东-广州,71,-16%,-28
265,185.0,简军,女士,中国-北京,,,生物制药,爱美客,中国-北京,61,-51%,-142
265,185.0,梁光伟,先生,中国-浙江-台州,硕士,,投资,华强,中国-广东-深圳,61,37%,162
265,185.0,谢伟通,先生,中国-台湾,,,有色金属,华友钴业,中国-浙江-嘉兴,67,0%,25
265,185.0,许邦福,未知,中国-浙江-宁波,硕士,,电子元件,华城电机,台湾桃园,未知,NEW,New
265,185.0,张双旺、张东海,先生,中国-内蒙古-鄂尔多斯,本科,,煤炭,伊泰,中国-内蒙古-鄂尔多斯,81,9%,60
265,185.0,张文中,先生,中国-山东,博士,,零售,物美,中国-北京,62,-10%,-4
276,180.0,季琦,先生,中国-江苏-南通,,上海交通大学,连锁酒店,华住,中国-上海,58,-22%,-49
276,180.0,靳保芳,先生,中国-河北-邢台,,,光伏,晶澳科技,中国-河北-邢台,72,-60%,-179
276,180.0,李洪信,先生,中国-福建,本科,,造纸,太阳纸业,中国-山东-济宁,71,6%,49
276,180.0,毛文超,未知,中国-四川-绵阳,本科,,生活服务平台、电商,小红书,上海,未知,NEW,New
276,180.0,王俊民、申萍,先生,中国-辽宁,硕士,沈阳药科大学,医药,海思科,新加坡,56,33%,151
276,180.0,王树华,先生,,,,钢铁,冀南钢铁,中国-河北-邯郸,未知,-10%,-8
276,180.0,翁先定,先生,,,,医疗器械,新产业,中国-广东-深圳,63,9%,66
276,180.0,阎志,先生,中国-湖北-黄冈,硕士,武汉大学,房地产、投资,卓尔,中国-湖北-武汉,52,-5%,4
276,180.0,杨卫东、杨亚珍,先生,中国-浙江,,,化工,卫星石化,中国-浙江-嘉兴,56,6%,49
276,180.0,张力、张量,先生,中国-广东-广州,博士,美国国立波士顿大学,投资、房地产,富力地产,中国-广东-广州,71,33%,151
276,180.0,张松桥,先生,中国-重庆,硕士,,投资、房地产,中渝,中国-香港,60,-12%,-15
276,180.0,周泽荣,先生,中国-广东-汕头,,,房地产、投资,侨鑫,中国-广东-深圳,70,-18%,-39
288,175.0,蒋卫平,先生,中国-四川-成都,本科,西华大学,锂矿,天齐锂业,中国-四川-遂宁,69,-46%,-138
288,175.0,潘石屹、张欣,先生,中国-甘肃-天水,,中国石油管道学院,投资、房地产,SOHO中国,中国-北京,61,-5%,2
288,175.0,唐彬森,先生,中国-安徽-合肥,,,饮料,元气森林,中国-北京,42,-30%,-83
288,175.0,阳萌、贺丽,先生,,,,电子商务,安克,中国-湖南-长沙,42,3%,37
288,175.0,张静章,先生,中国-浙江-宁波,,,注塑机,海天国际,中国-浙江-宁波,87,-3%,14
293,170.0,安康,先生,中国-河南-新乡,本科,河南师范大学,生物制药,华兰生物,中国-河南-新乡,75,-24%,-61
293,170.0,黄立、黄晟,先生,中国-陕西-西安,硕士,,电子制造,高德电气,中国-湖北-武汉,61,-21%,-50
293,170.0,黄茂如、张静,先生,中国-广东-潮州,硕士,,投资、房地产,茂业,中国-广东-深圳,59,0%,32
293,170.0,蒋业华,先生,中国-重庆,,,房地产,华宇,中国-重庆,61,-3%,20
293,170.0,林耀英,先生,,,,电子元件,大立光,中国-台湾-台中,91,36%,178
293,170.0,戚振波,先生,,,,新零售,美腕,中国-上海,未知,0%,32
293,170.0,钱东奇、钱程,先生,中国-江苏-南京,硕士,南京大学,机器人,科沃斯,中国-江苏-苏州,66,-21%,-50
293,170.0,肖永明,先生,中国-四川-资阳,,,矿产,藏格矿业,中国-北京,60,21%,113
293,170.0,邢李㷧,先生,中国-香港,,,投资,思捷环球,中国-香港,75,0%,32
293,170.0,张帆,先生,中国-四川-成都,本科,,半导体芯片,汇顶科技,中国-广东-深圳,59,6%,65
293,170.0,张宏伟,先生,中国-黑龙江-哈尔滨,硕士,哈尔滨建筑工程学院,能源、零售,东方,中国-北京,70,-51%,-153
293,170.0,周胜馥,先生,,,,货运物流,拉拉科技,中国-香港,47,NEW,New
293,170.0,邹支农,先生,,,,通信设备,天孚通信,中国-江苏-苏州,56,31%,162
306,165.0,蔡东晨,先生,中国-河北-石家庄,硕士,,医药,石药,中国-河北-石家庄,71,-11%,-16
306,165.0,陈凯臣,先生,中国-广东-揭阳,,,日化用品,立白,中国-广东-广州,未知,-8%,-4
306,165.0,邓伟明、吴小歌,先生,中国-湖南-长沙,,,工业产品,中伟股份,中国-湖南-长沙,56,-23%,-63
306,165.0,利约翰,先生,,,,能源,中电,中国-香港,70,18%,100
306,165.0,邵钦祥,先生,中国-浙江-金华,,,工业制造、房地产,花园,中国-浙江-金华,70,0%,36
306,165.0,王华君、吴兰兰,先生,中国-江西-九江,硕士,,包装,裕同包装,中国-广东-深圳,54,0%,36
306,165.0,王文京,先生,中国-江西-上饶,本科,江西财经大学,软件与信息服务,用友,中国-北京,60,-43%,-135
306,165.0,王希成,先生,中国-山东,,,轮胎,玲珑轮胎,中国-山东-烟台,76,-18%,-38
306,165.0,吴少勋,先生,中国-湖北-黄石,本科,,保健酒,劲牌,中国-湖北-黄石,68,-18%,-38
306,165.0,徐乘,先生,中国-台湾-台北,,,食品,徐福记,中国-广东-东莞,72,0%,36
306,165.0,虞锋,先生,中国-上海,本科,中欧国际工商学院,投资,云锋基金,中国-上海,61,-3%,19
306,165.0,张万镇,先生,中国-广东-潮州,,,通信部件、电子元器件,三环,中国-广东-潮州,75,0%,36
318,160.0,陈爱莲、吴良定,先生,中国-浙江-绍兴,,北京师范大学,智能制造、投资,万丰,中国-浙江-绍兴,66,28%,153
318,160.0,陈明永,先生,中国-四川-达州,本科,,消费电子产品,OPPO,中国-广东-东莞,55,10%,70
318,160.0,陈谭庆芬,先生,,,,房地产,恒隆,中国-香港,未知,0%,40
318,160.0,冯海良,先生,中国-浙江,,,铜加工、投资,海亮,中国-浙江-绍兴,64,-16%,-38
318,160.0,葛卫东,先生,,本科,四川大学,投资,混沌投资,中国-上海,55,-3%,24
318,160.0,梁绍鸿,先生,中国-香港,,,房地产,大鸿辉,中国-香港,72,0%,40
318,160.0,穆荣均,先生,,硕士,,生活服务,美团,中国-北京,44,-6%,7
318,160.0,彭蕾,先生,,,,电子商务、金融科技,阿里系,新加坡,53,-3%,24
318,160.0,伍步高,先生,中国-香港,,,银行业,永隆,中国-香港,80,0%,40
327,155.0,程一笑,先生,,,,传媒娱乐,快手科技,中国-北京,39,-26%,-74
327,155.0,李丐腾,先生,中国-浙江-温州,硕士,,小家电,飞科电器,中国-上海,52,-46%,-153
327,155.0,林明成,先生,中国-台湾,,,金融服务,华南金控,中国-台湾-台北,81,3%,50
327,155.0,罗家宝,先生,,,,房地产,百乐,中国-香港,75,0%,43
327,155.0,吴冠江、刘铁鹰,先生,中国-四川-乐山,,,疫苗,智飞生物,中国-重庆,56,-14%,-25
327,155.0,谢良志、李翰园,先生,,,,生物制药,神州,中国-北京,58,-35%,-113
327,155.0,张荣华,女士,中国-天津,硕士,,钢铁,荣程,中国-天津,55,7%,61
327,155.0,周鸿祎,先生,中国-湖北-黄冈,硕士,西安交通大学电信学院,网络信息服务,三六零安全科技,中国-北京,54,-28%,-84
335,150.0,蔡东青,先生,中国-广东-汕头,硕士,,动漫,奥飞娱乐,中国-广东-汕头,55,-9%,7
335,150.0,黄绍武,先生,中国-江西-九江,,,投资,神州通,中国-广东-深圳,54,11%,92
335,150.0,李留法、李凤娈,先生,中国-河南-平顶山,,北京大学光华管理学院,水泥、铝业,天瑞,中国-河南-平顶山,65,-44%,-147
335,150.0,倪永培,先生,中国-安徽-六安,,,白酒,迎驾,中国-安徽-六安,72,-32%,-98
335,150.0,任元林、任乐天,先生,中国-江苏-无锡,,,造船,扬子江船业,中国-江苏-无锡,71,50%,250
335,150.0,王水福、陈桂花,先生,中国-浙江-杭州,,,电梯、锅炉、房地产,西子联合控股,中国-浙江-杭州,69,-6%,23
335,150.0,魏应州,先生,中国-台湾,,,食品和饮料,顶新,中国-台湾-台北,70,0%,42
335,150.0,许昆泰,先生,中国-台湾,,,消费电子产品,蓝天,中国-台湾-台北,68,30%,186
335,150.0,张雷,先生,中国-江苏-无锡,,,风电,远景能源,中国-江苏-无锡,48,-6%,23
335,150.0,赵丰刚,先生,,硕士,,锂电池,宁德时代,中国-福建-宁德,58,-21%,-55
345,145.0,池宇峰,先生,中国-湖北,硕士,清华大学,网游、影视娱乐,完美世界,中国-北京,53,-17%,-32
345,145.0,高纪凡,先生,,,,光伏产品,天合光能,中国-江苏-常州,59,-45%,-148
345,145.0,李锂、李坦,先生,中国-四川-眉山,本科,四川大学,医药,海普瑞,中国-广东-深圳,60,-9%,13
345,145.0,李如成、李寒穷,先生,中国-浙江-绍兴,,,服装、房地产、投资,雅戈尔,中国-浙江-宁波,73,7%,82
345,145.0,林刚,先生,中国-广东,硕士,湛江医学院,医药,康哲药业,中国-广东-深圳,60,-22%,-55
345,145.0,聂腾云、陈立英,先生,,,浙江商业职业技术学院,物流,韵达,中国-上海,48,-26%,-71
345,145.0,戚金兴、戚加奇,先生,中国-浙江,硕士,,房地产,滨江,中国-浙江-杭州,62,-17%,-32
345,145.0,沈炜,先生,,,,消费电子产品,VIVO,中国-广东-东莞,未知,0%,43
353,140.0,侯军呈,先生,中国-浙江-温州,,,化妆品,珀莱雅,中国-浙江-杭州,60,-13%,5
353,140.0,南存辉,先生,中国-山东-济宁,,北京工商大学,工业电器、投资,正泰,中国-浙江-温州,61,-22%,-51
353,140.0,潘来灿,先生,,,,调味品,海天味业,中国-广东-佛山,未知,-3%,35
353,140.0,汪建,先生,中国-湖南,,,基因检测、医疗大数据,华大基因、碳云,中国-广东-深圳,70,-40%,-130
353,140.0,王燕清,先生,中国-江苏-无锡,,常州无线电工业学校,自动化设备,先导智能,中国-江苏-无锡,58,-49%,-169
353,140.0,王一鸣,先生,,,,光伏逆变器,锦浪科技,中国-浙江-宁波,43,-15%,-11
353,140.0,王长田、杜英莲,先生,中国-辽宁-大连,本科,复旦大学,影视娱乐,光线传媒,中国-北京,59,-24%,-63
353,140.0,魏应充,先生,中国-台湾,,,食品和饮料,顶新,中国-台湾-台北,67,0%,53
353,140.0,魏应交,先生,中国-台湾,,,食品和饮料,顶新,中国-台湾-台北,69,0%,53
353,140.0,魏应行,先生,中国-台湾,,,食品和饮料,顶新,中国-台湾-台北,65,0%,53
353,140.0,吴凯,先生,,博士,,锂电池,宁德时代,中国-福建-宁德,56,-20%,-40
353,140.0,吴礼淦,先生,中国-台湾,,,印制电路板,沪电股份,中国-上海,83,56%,316
353,140.0,叶立培,先生,中国-上海,硕士,,投资、房地产,仲盛,中国-香港,80,-10%,17
353,140.0,易大盛,先生,,,,汽车服务，产业园区,富兴,中国-湖南-长沙,63,4%,74
353,140.0,俞敏洪,先生,中国-江苏-无锡,本科,北京大学,教育,新东方,中国-北京,62,4%,74
353,140.0,周永利,先生,中国-浙江-绍兴,,,轻纺、房地产、投资,永利,中国-浙江-绍兴,68,-7%,24
353,140.0,竺兆江,先生,,,,消费电子产品,传音,中国-广东-深圳,51,-15%,-11
353,140.0,卓志哲,先生,中国-台湾-鹿港,,,半导体,联发科技,中国-台湾-新竹,未知,47%,282
371,135.0,邓鸿,先生,中国-四川,本科,,投资、房地产,成都环球世纪,中国-四川-成都,61,-10%,6
371,135.0,董凡,先生,,硕士,中山大学,生物医疗设备,健帆生物,中国-广东-珠海,54,13%,121
371,135.0,方文雄,先生,中国-广东-东莞,,,房地产,协成行,中国-香港,未知,0%,56
371,135.0,何猷龙,先生,中国-香港,,,博彩,新濠国际,中国-香港,48,-13%,-1
371,135.0,焦佑伦,先生,,,,半导体,华新丽华,中国-台北,66,8%,100
371,135.0,林秀成、林志强,先生,中国-福建-泉州,,,LED,三安,中国-福建-厦门,69,-18%,-29
371,135.0,刘卫平,先生,中国-湖南-平江,,,食品,卫龙,中国-河南-漯河,45,0%,56
371,135.0,刘志强、翟美卿,先生,中国-广东,硕士,中山大学,房地产、金融,香江,中国-广东-深圳,60,-10%,6
371,135.0,沈锡强,先生,中国-江苏-无锡,,,化工新材料,雅克科技,中国-江苏-无锡,76,-16%,-13
371,135.0,汪建国、汪浩,先生,中国-江苏-苏州,,,电子商务、儿童用品连锁,五星投资,中国-江苏-南京,64,-18%,-29
371,135.0,王世忠,先生,中国-台湾,,,工业机械,亚德客,中国-台湾-台北,未知,-7%,17
371,135.0,伍伟国,先生,中国-香港,,,餐饮,美心,中国-香港,54,13%,121
371,135.0,肖安江,先生,中国-湖南-娄底,,,钛合金、保温容器,五江轻化,中国-湖南-长沙,61,8%,100
371,135.0,肖自江,先生,中国-湖南-娄底,,,钛合金、保温容器,五江轻化,中国-湖南-长沙,74,8%,100
371,135.0,许树根,先生,中国-浙江,本科,,机械制造,鼎力,中国-浙江-湖州,59,-7%,17
371,135.0,袁富根,先生,中国-江苏-苏州,,,精密铸件,东山精密,中国-江苏-苏州,74,17%,150
371,135.0,袁志伦,先生,中国-重庆,本科,,矿业,博赛矿业,中国-重庆,60,8%,100
388,130.0,陈世卿、蒋翠英,先生,中国-台湾-台北,,,电子元件,大立光,中国-台湾-台中,75,51%,316
388,130.0,陈一丹,先生,中国-广东-深圳,硕士,,互联网服务,腾讯,中国-广东-深圳,53,4%,83
388,130.0,崔立新,先生,,,,有色金属,创新集团,中国-山东-滨州,未知,-19%,-30
388,130.0,崔鹏、曹菲,先生,,,,生物科技,菲鹏生物,中国-广东-深圳,47,-21%,-46
388,130.0,黄达文,先生,中国-香港,,,硅材料,合盛,中国-浙江-宁波,64,-4%,39
388,130.0,兰春、杨英,先生,,,,教育、生物医药、房地产、投资,新英才,中国-北京,58,31%,241
388,130.0,李良彬,先生,中国-江西-宜春,,,有色金属冶炼加工,赣锋锂业,中国-江西-新余,57,-37%,-127
388,130.0,李卫国,先生,中国-湖南-常德,本科,,防水材料,东方雨虹,中国-北京,59,-46%,-174
388,130.0,李仙德,先生,,,,太阳能,晶科能源,中国-江西-上饶,49,-16%,-18
388,130.0,李湘平,先生,,,,石油化工,东明石化,中国-山东-菏泽,未知,8%,104
388,130.0,梁允超,先生,中国-湖北-武汉,,中南财经大学,保健品,汤臣倍健,中国-广东-珠海,55,-30%,-98
388,130.0,刘革新,先生,中国-湖北,,,制药、医药流通,科伦药业,中国-四川-成都,73,13%,133
388,130.0,尚吉永,先生,中国-山东,,北京理工大学,轮胎、电缆、化工,万达控股,中国-山东-东营,56,4%,83
388,130.0,苏素玉,先生,中国-广东-汕头,,,房地产、投资,联美,中国-广东-汕头,76,-10%,0
388,130.0,王均金,先生,,硕士,,房地产、航空、零售,均瑶,中国-上海,56,-21%,-46
388,130.0,王秋雄,先生,中国-台湾,,,服装,丰泰,中国-台湾-斗六,81,0%,67
388,130.0,吴绪顺,先生,中国-安徽-芜湖,,,网络游戏,三七互娱,中国-安徽-芜湖,76,-4%,39
388,130.0,谢秉昆,先生,,,,珠光材料,坤彩科技,中国-福建-福州,58,-10%,0
388,130.0,许冉,未知,,硕士,,钛白粉,龙佰,河南焦作,未知,-7%,18
388,130.0,张国炜,先生,,,,航空,星宇航空,中国-台湾-台北,未知,NEW,New
388,130.0,周敬良,先生,中国-海南-海口,,,饮料,景田,中国-广东-深圳,74,8%,104
388,130.0,朱兴明、朱瀚玥,先生,中国-湖南,硕士,,工业自动化产品,汇川技术,中国-广东-深圳,57,-33%,-114
410,125.0,蔡华波,先生,,,,半导体,江波龙,中国-广东-深圳,48,-7%,17
410,125.0,丁立国,先生,中国-河北-任丘,,,钢铁、天然气,德龙,中国-河北-唐山,54,-7%,17
410,125.0,丁雅丽,先生,中国-福建-泉州,,,体育用品,安踏,中国-福建-厦门,未知,-11%,-4
410,125.0,董伟,先生,,,中国药科大学,医药,恒瑞,中国-江苏-连云港,53,4%,82
410,125.0,洪锋,先生,,硕士,,智能硬件与技术,小米,中国-北京,未知,54%,341
410,125.0,雷菊芳、程若琼,女士,中国-甘肃-定西,本科,,医药,奇正藏药,中国-西藏-林芝,71,-11%,-4
410,125.0,李非列,先生,中国-北京,硕士,,有色金属、钢铁、物流,飞尚,中国-广东-深圳,58,-11%,-4
410,125.0,李妙行,先生,,,,食品,老干妈,中国-贵州-贵阳,未知,4%,82
410,125.0,李伟,先生,中国-河南,本科,,食品、房地产,千味央厨,中国-河南-郑州,56,-14%,-22
410,125.0,梁亮胜,先生,中国-广东-梅州,本科,,日化、投资,丝宝,中国-香港,73,4%,82
410,125.0,林聪吉,未知,,,,五金配件,川湖科技,台湾高雄,未知,NEW,New
410,125.0,吕慧、陈宁宁,先生,,硕士,,钢铁、铁矿石进出口、房地产,嘉鑫,中国-香港,75,-4%,45
410,125.0,邱光和,先生,中国-浙江-温州,,,服装,森马,中国-浙江-温州,73,-19%,-40
410,125.0,任正非,先生,中国-贵州-安顺,本科,重庆大学,消费电子、电讯,华为,中国-广东-深圳,80,9%,111
410,125.0,唐金奎、朱玉琴,先生,中国-江苏-苏州,,,印染、化纤、房地产,盛虹,中国-江苏-苏州,69,-31%,-108
410,125.0,徐新,先生,,本科,,投资,今日资本,中国-上海,58,4%,82
410,125.0,许景南,先生,中国-福建-泉州,,,体育用品,匹克,中国-福建-泉州,69,-11%,-4
410,125.0,闫希军,先生,中国-甘肃-庆阳,博士,南京农业大学经贸管理学院,医药,天士力,中国-天津,71,4%,82
410,125.0,严陈莉莲,女士,中国-台湾,,,汽车销售,裕隆,中国-台湾-新北,59,-22%,-52
410,125.0,俞发祥,先生,中国-浙江-绍兴,,,基础设施建设、房地产,祥源控股,中国-浙江-绍兴,53,-11%,-4
410,125.0,袁志敏、熊海涛,先生,中国-四川,硕士,,化工塑料,金发科技,中国-广东-广州,63,-7%,17
410,125.0,张洪本,先生,中国-台湾,,,工业品、房地产,日月光,中国-台湾-高雄,78,32%,225
410,125.0,赵立新,先生,,,,CMOS图像传感器,格科微,中国-上海,58,-26%,-85
433,120.0,龚俊龙,先生,中国-广东-汕尾,,,房地产、投资,恒裕,中国-广东-深圳,65,-11%,-6
433,120.0,黄江吉,先生,,,,智能硬件与技术,小米,中国-北京,未知,52%,371
433,120.0,黄毅,先生,,本科,,汽车销售,中升控股,中国-北京,61,-43%,-180
433,120.0,金惠明,先生,中国-上海,,,房地产,大华,中国-上海,71,0%,59
433,120.0,赖建法,先生,,,,快递,中通,中国-上海,55,-8%,22
433,120.0,黎万强,先生,中国-广东,本科,,智能硬件与技术,小米,中国-北京,47,52%,371
433,120.0,李贵山,先生,,,,食品,老干妈,中国-贵州-贵阳,未知,4%,88
433,120.0,刘锋、林旭燕,先生,中国-山东,本科,,钢铁,永锋,中国-山东-济南,54,-4%,38
433,120.0,陆地,先生,,,,无人机,大疆,中国-广东-深圳,未知,-29%,-108
433,120.0,孟庆山,先生,中国-河北,,,食用调味品,梅花,中国-河北-廊坊,76,9%,103
433,120.0,瞿芳,未知,,本科,,生活服务平台、电商,小红书,上海,未知,NEW,New
433,120.0,王瀚,先生,,本科,伦敦大学,房地产、航空、零售,均瑶,中国-上海,37,-20%,-56
433,120.0,王林祥,先生,中国-内蒙古-包头,,,羊绒、煤电、冶金、房地产,鄂尔多斯,中国-内蒙古-鄂尔多斯,73,-4%,38
433,120.0,温鹏程,先生,中国-广东-云浮,,,家禽养殖畜牧,温氏食品,中国-广东-云浮,62,4%,88
433,120.0,徐金富,先生,中国-广东-广州,本科,,化学原料制品,天赐材料,中国-广东-广州,60,-51%,-221
433,120.0,徐宇,先生,中国-广东-广州,硕士,长江商学院,服装,赫基国际,中国-广东-广州,52,-20%,-56
433,120.0,徐振华,先生,中国-上海,,,游戏,沐瞳科技,中国-上海,45,0%,59
433,120.0,杨雪岗,先生,中国-河北-邢台,硕士,,煤炭、化工,旭阳,中国-河北-邢台,59,-14%,-27
433,120.0,叶国一,先生,中国-台湾,,,电脑产品,英业达,中国-台湾-台北,83,-11%,-6
433,120.0,周耀庭,先生,中国-江苏-无锡,,,服装、橡胶轮胎、房地产,红豆,中国-江苏-无锡,81,-11%,-6
433,120.0,祝文宇,未知,,本科,,房地产,爱山林,台湾台北,未知,NEW,New
454,115.0,陈琼香,先生,,,,锂电池,宁德时代,中国-福建-宁德,未知,-21%,-66
454,115.0,方洪波,先生,中国-安徽-安庆,,,家电制造,美的,中国-广东-佛山,57,10%,111
454,115.0,洪杰,先生,,,,涂料,三棵树,中国-福建-莆田,57,-59%,-275
454,115.0,胡荣达、胡淇翔,先生,中国-浙江,,,化工,三美化工,中国-浙江-金华,65,-8%,17
454,115.0,黄联禧、左笑萍,先生,中国-广东-佛山,,,建材家居,联塑,中国-广东-佛山,61,-18%,-48
454,115.0,黄山,先生,中国-湖北-武汉,,,金融软件,财富趋势,中国-广东-深圳,54,-18%,-48
454,115.0,黄世再,先生,中国-广东-揭阳,,,房地产,大中华地产,中国-广东-深圳,73,-15%,-27
454,115.0,姜银台,先生,,硕士,,汽车内饰,岱美股份,中国-上海,74,-32%,-129
454,115.0,赖建平,先生,,,,调味品,海天味业,中国-广东-佛山,未知,-4%,38
454,115.0,吕义雄,先生,中国-广东-汕头,,,化妆品,上美,中国-上海,47,58%,407
454,115.0,马秀慧,先生,,本科,,节能灯,欧普照明,中国-上海,53,-26%,-84
454,115.0,齐向东,先生,,本科,北京科技大学,网络安全,奇安信,中国-北京,59,-32%,-129
454,115.0,邱文生,先生,,,,消费电子,华勤技术,中国-上海,未知,-8%,17
454,115.0,任道德,先生,,,,保险,泰康,中国-北京,64,10%,111
454,115.0,吴映明,先生,,本科,,锂电池,宁德时代,中国-福建-宁德,57,-21%,-66
454,115.0,俞熔,先生,,博士,中国中医科学院,医疗服务,美年健康,中国-上海,53,-12%,1
454,115.0,袁江涛,先生,,,,半导体,嘉立创,中国-广东-深圳,未知,-36%,-152
471,110.0,曾万辉、喻丽丽,先生,中国-湖南,,,电子器件制造,景嘉微,中国-广东-广州,56,-21%,-65
471,110.0,何著胜,先生,中国-辽宁,,,耐火材料、钢铁、矿业,后英,中国-辽宁-鞍山,77,0%,65
471,110.0,贺正刚,先生,,,,矿产、化工,和邦股份,中国-四川-乐山,70,-24%,-83
471,110.0,胡兴荣,先生,中国-浙江-温州,硕士,,贸易、房地产,多弗,中国-北京,43,-21%,-65
471,110.0,李力,先生,中国-湖南-长沙,,湖南大学,医疗服务,爱尔眼科,中国-湖南-长沙,59,-42%,-191
471,110.0,李明、杜楠,先生,中国-甘肃-陇南,,,投资、有色金属,亚特,中国-甘肃-陇南,56,-15%,-16
471,110.0,刘洪林,先生,中国-江苏-无锡,,,化工、铜加工、电线电缆,三木,中国-江苏-无锡,73,0%,65
471,110.0,梅志明,先生,,,,物流地产、投资,普洛斯,中国-上海,52,-8%,21
471,110.0,汪顾亦珍,先生,中国-香港,,,工业产品,德昌电机,中国-香港,107,5%,94
471,110.0,王剑峰,先生,,硕士,,汽车零部件制造,均胜投资,中国-浙江-宁波,54,-21%,-65
471,110.0,王文默,先生,中国-福建,,,体育用品,安踏,中国-福建-厦门,68,-12%,0
471,110.0,吴尚志,先生,中国-北京,博士,麻省理工学院斯隆管理学院,投资,鼎晖,中国-北京,74,10%,114
471,110.0,项光明、王素勤,先生,中国-浙江-温州,,,垃圾发电,伟明环保,中国-浙江-温州,61,5%,94
471,110.0,许晨晔,先生,,硕士,,互联网服务,腾讯,中国-广东-深圳,53,5%,94
471,110.0,许英灼,先生,中国-广东-潮州,本科,,饲料,海大,中国-广东-广州,59,-15%,-16
471,110.0,严健军,先生,中国-浙江-宁波,本科,,信息、金融、投资,致达,中国-上海,59,-8%,21
471,110.0,姚奎章,先生,,,,饮料,养元饮品,中国-河北-衡水,59,-12%,0
471,110.0,郁国祥,先生,,,,投资,乐游科技,中国-上海,54,-8%,21
471,110.0,张宁,女士,,硕士,,化工原料,彤程新材,中国-上海,50,-8%,21
471,110.0,章小华,先生,,,,水泥,红狮控股,中国-浙江-金华,56,5%,94
471,110.0,赵绪龙、朱水纳,未知,中国-浙江-杭州,,,SaaS解决方案,迈富时,上海,未知,NEW,New
471,110.0,郑春颖,先生,中国-辽宁-辽阳,,,化妆品,伽蓝,中国-上海,未知,-8%,21
471,110.0,周宗文,先生,,,,珠宝,周大生,中国-广东-深圳,67,-24%,-83
494,105.0,蔡镇球,先生,中国-台湾-台北,,,金融服务,霖园,中国-台湾-台北,59,31%,261
494,105.0,昌敬,先生,,,,智能机器人,石头科技,中国-北京,42,8%,138
494,105.0,陈先保,先生,中国-安徽-合肥,本科,,农副食品加工业,华泰,中国-安徽-合肥,65,-13%,-2
494,105.0,成正辉,先生,中国-广东-深圳,,,医疗器械,惠泰医疗,中国-广东-深圳,60,31%,261
494,105.0,董才平,先生,中国-江苏-常州,硕士,,钢铁、投资,中天钢铁,中国-江苏-常州,61,-5%,42
494,105.0,甘忠如,先生,,,,生物制药,甘李药业,中国-北京,76,12%,172
494,105.0,何旗,先生,,本科,,钢铁贸易,均和,中国-上海,42,-5%,42
494,105.0,黄巧灵,先生,中国-浙江,,,旅游、房地产,宋城,中国-浙江-杭州,66,-30%,-117
494,105.0,柯尊洪,先生,中国-四川-雅安,本科,,制药,康弘药业,中国-四川-成都,70,24%,212
494,105.0,陆昂,女士,,硕士,,投资、拍卖,嘉德,中国-北京,61,5%,91
494,105.0,罗智先、高秀玲,先生,中国-台湾-台南,,,食品和饮料,统一,中国-台湾-台南,68,11%,141
494,105.0,蒲忠杰、张月娥,先生,,博士,北京钢铁研究总院,医疗设备,乐普,中国-北京,61,-25%,-88
494,105.0,王明旺、蔡帝娥,先生,中国-广东-茂名,硕士,,电子部件,欣旺达,中国-广东-深圳,57,5%,91
494,105.0,王维,先生,中国-上海,,,企业服务,行云集团,中国-广东-深圳,43,0%,71
494,105.0,王雪红、陈文琦,先生,中国-台湾-新北,,,半导体,宏达,中国-台湾-桃园,66,11%,141
494,105.0,许连捷,先生,中国-福建-泉州,,,个人护理用品,恒安,中国-福建-泉州,71,-5%,42
494,105.0,薛向东,先生,中国-山东-泰安,本科,湖南大学,软件与信息服务,东华软件,中国-北京,65,-19%,-39
494,105.0,叶小平,先生,中国-浙江-嘉兴,博士,,医药,泰格医药,中国-浙江-杭州,61,-19%,-39
494,105.0,余凯,先生,,博士,,智能芯片,地平线,中国-北京,未知,NEW,New
494,105.0,袁仲雪、袁嵩,先生,,,,轮胎,赛轮轮胎,中国-山东-青岛,69,5%,91
494,105.0,张邦鑫,先生,中国-江苏,硕士,北京大学,教育,好未来,中国-北京,44,7%,136
494,105.0,张传卫,先生,中国-河南-信阳,,,新能源,明阳智能,中国-广东-中山,62,-19%,-39
494,105.0,张毓强,先生,中国-浙江-嘉兴,硕士,,房地产、矿产,振石控股,中国-浙江-嘉兴,69,-19%,-39
517,100.0,陈康平,先生,,,,太阳能,晶科能源,中国-江西-上饶,51,-20%,-46
517,100.0,程维,先生,中国-江西-上饶,本科,北京化工大学,生活服务平台,滴滴出行,中国-北京,41,54%,423
517,100.0,邓耀,先生,中国-香港,,,服装与配饰,百丽,中国-香港,90,0%,68
517,100.0,段永平,先生,中国-江西-南昌,硕士,,投资,步步高,美国-湾区,63,11%,152
517,100.0,顾伟,先生,中国-江西-南昌,硕士,,消费电子产品,兆驰股份,中国-新疆-乌鲁木齐,59,-5%,48
517,100.0,胡应湘,先生,中国-香港,,,房地产、建筑工程,合和实业,中国-香港,89,0%,68
517,100.0,黄宏生,先生,中国-海南-临高,本科,,家用电器,创维,中国-广东-深圳,68,0%,68
517,100.0,李国宝,先生,伦敦,,,银行业,东亚银行,中国-香港,85,0%,68
517,100.0,李家权,先生,中国-四川,,,钛白粉、磷化工,龙蟒,中国-四川-成都,61,0%,68
517,100.0,李建全,先生,,,,医疗用品,稳健医疗,中国-广东-深圳,67,-33%,-140
517,100.0,李金阳,女士,,,,金矿,赤峰黄金,中国-内蒙古-赤峰,未知,5%,118
517,100.0,李宁,先生,中国-广西-来宾,硕士,,体育用品、投资,李宁,中国-北京,61,-17%,-25
517,100.0,李仲初,先生,中国-湖南-娄底,硕士,武汉大学,软件与信息服务,石基,中国-北京,61,-55%,-280
517,100.0,励民,先生,,,,集成电路,瑞芯微,中国-福建-福州,59,-17%,-25
517,100.0,林定强,先生,中国-福建-福州,,,房地产,金辉,中国-福建-福州,58,-26%,-90
517,100.0,刘方毅,先生,,,,医疗器械,英科医疗,中国-山东-淄博,54,18%,189
517,100.0,秦龙,先生,,,,轮胎,森麒麟,中国-山东-青岛,59,11%,152
517,100.0,饶微,先生,,,,医疗器械,新产业,中国-广东-深圳,60,5%,118
517,100.0,邵根伙,先生,中国-浙江-金华,博士,,饲料、种业,大北农,中国-北京,59,-20%,-46
517,100.0,施文博,先生,中国-福建-泉州,,,个人护理用品,恒安,中国-福建-泉州,74,-5%,48
517,100.0,孙孟全,先生,,,,食用油,鲁花,中国-山东-烟台,74,-26%,-90
517,100.0,唐修国,先生,中国-湖南,本科,,重型机械,三一,中国-湖南-长沙,61,-20%,-46
517,100.0,田明,先生,中国-安徽,,,专用设备制造业,美亚光电,中国-安徽-合肥,71,-35%,-147
517,100.0,万隆、王梅香,先生,中国-河南-漯河,,,食品,双汇,中国-河南-郑州,84,23%,234
517,100.0,汪林朋,先生,中国-湖北-黄冈,硕士,,家居建材,居然之家,中国-北京,55,-26%,-90
517,100.0,吴东进,先生,中国-台湾-台北,,,金融、医院,新光,中国-台湾-台北,79,5%,118
517,100.0,谢嘉,先生,,,,无人机,大疆,中国-广东-深圳,未知,-31%,-129
517,100.0,杨冰,先生,中国-江西-,,,电商,得物,中国-上海,39,0%,68
517,100.0,应书岭,先生,中国-上海,本科,,电竞游戏,英雄互娱,中国-北京,43,2%,113
517,100.0,张恭运,先生,,本科,,机械制造,豪迈科技,中国-山东-高密,61,18%,189
517,100.0,张克强,先生,中国-广东,硕士,,投资、房地产,华美国际,中国-广东-广州,64,-9%,19
517,100.0,张立国,先生,,,,护肤品,敷尔佳,中国-黑龙江-哈尔滨,60,-44%,-215
517,100.0,张永平,先生,,,,房地产,秀水街,中国-北京,63,-9%,19
517,100.0,周剑,先生,中国-上海,,,机器人,优必选,中国-广东-深圳,48,11%,152
551,95.0,陈得福,先生,中国-台湾-嘉义,,,医疗保健,仙妮雷德,美国-洛杉矶,76,0%,84
551,95.0,范秀莲、杨飞,先生,中国-辽宁-沈阳,硕士,,医药,海思科,中国-辽宁-沈阳,61,36%,345
551,95.0,何涛,先生,,,,互联网医院,圆心科技,中国-北京,44,-10%,14
551,95.0,焦震,先生,,硕士,,投资,鼎晖,中国-北京,58,6%,118
551,95.0,金磊、李凤玲,先生,,,,医疗器械,佰仁医疗,中国-北京,70,-21%,-59
551,95.0,李晓明,先生,,硕士,,包装盒生产,恩捷股份,中国-云南-玉溪,66,-47%,-249
551,95.0,梁丰、邵晓梅,先生,,硕士,,锂电池材料,璞泰来,中国-上海,56,-63%,-352
551,95.0,林来嵘、安素梅,先生,中国-内蒙古-巴彦淖尔市,,,矿业,众兴,中国-天津,56,-21%,-59
551,95.0,罗秋平、潘东,先生,中国-湖北-荆门,,,日化用品,蓝月亮,中国-广东-广州,61,-44%,-226
551,95.0,彭永鹤,先生,,,,宠物医院,新瑞鹏,中国-广东-深圳,55,0%,84
551,95.0,乔志涌,先生,中国-四川,,,液态气体,侨源股份,中国-四川-成都,60,12%,155
551,95.0,荣智健,先生,中国-上海,本科,天津大学,投资、房地产,中信泰富,中国-香港,82,0%,84
551,95.0,苏纯兴,先生,中国-台湾-台北,,,汽车零售,和泰汽车,中国-台湾-台北,未知,0%,84
551,95.0,王恒,先生,中国-广东-广州,,,零售、房地产,金鹰,美国,76,0%,84
551,95.0,王均豪,先生,中国-浙江-温州,硕士,,房地产、航空、零售,均瑶,中国-上海,52,-17%,-30
551,95.0,王振华,先生,中国-江苏,,长江商学院,房地产,新城,中国-上海,62,-5%,34
551,95.0,吴东亮,先生,中国-台湾-台北,,,金融,新光,中国-台湾-台北,未知,6%,118
551,95.0,吴忌寒,先生,中国-重庆,本科,,芯片、矿机,比特小鹿,中国-北京,38,-5%,34
551,95.0,吴美蓉,先生,,,,太阳能设备,美科股份,中国-上海,64,-21%,-59
551,95.0,谢菊华,先生,,,,原料药,健友股份,中国-江苏-南京,73,0%,84
551,95.0,许达来,先生,新加坡,硕士,,智能硬件与技术、投资,小米,中国-北京,53,28%,308
551,95.0,杨霞,女士,,,,生物医药,锦波,中国-山西-太原,50,73%,539
551,95.0,昝圣达,先生,中国-江苏-南通,,清华大学,新能源、信息科技、投资,综艺,中国-江苏-南通,61,-14%,-15
551,95.0,张世龙,先生,,博士,,模拟芯片,圣邦,中国-北京,58,-10%,14
551,95.0,周镇科,先生,中国-广东-汕头,本科,,文化娱乐,大晟文化,中国-广东-深圳,49,0%,84
576,90.0,曾繁城,先生,,,,半导体,台积电,中国-台湾-新竹,未知,64%,514
576,90.0,常建鸣、傅磊,先生,,,,控制电机,鸣志电器,中国-上海,59,-49%,-263
576,90.0,陈士良,先生,中国-浙江-嘉兴,,,化纤、房地产,桐昆,中国-浙江-嘉兴,61,-14%,-11
576,90.0,陈涛、刘春兰,先生,中国-甘肃-陇南,,,高密度印制电路板,胜宏科技,中国-广东-惠州,52,50%,432
576,90.0,陈智松,先生,,本科,,通信,亿联网络,中国-福建-厦门,58,-10%,9
576,90.0,陈卓林,先生,中国-广东-中山,博士,美国哈姆斯顿大学,投资、房地产,雅居乐,中国-广东-广州,62,0%,93
576,90.0,邓文、唐璐,先生,中国-四川-成都,本科,,食品,天味食品,中国-四川-成都,56,-18%,-40
576,90.0,丁会,先生,,,,半导体,嘉立创,中国-广东-深圳,未知,-36%,-170
576,90.0,丁会响,先生,,,,半导体,嘉立创,中国-广东-深圳,未知,-36%,-170
576,90.0,董增平,先生,,,,输配电设备,思源电气,中国-上海,54,23%,285
576,90.0,傅光明,先生,中国-江西-抚州,,,农业,圣农,中国-福建-南平,70,-33%,-149
576,90.0,高云峰,先生,,硕士,北京航空航天大学,激光设备,大族激光,中国-广东-深圳,57,-10%,9
576,90.0,何祖训,先生,中国-云南-曲靖,,,畜牧,神农集团,中国-云南-昆明,59,23%,285
576,90.0,黄建勲,先生,,,,基础建设、房地产,联泰,中国-广东-汕头,59,-5%,59
576,90.0,黄民奇,先生,中国-台湾,,,半导体,汉辰科技,中国-台湾-台北,72,6%,130
576,90.0,黄小芬,女士,中国-广东-深圳,,,印刷电路板,景旺电子,中国-广东-深圳,61,13%,179
576,90.0,赖苗,先生,,,,饮料,景田,中国-广东-深圳,未知,13%,179
576,90.0,李琼,先生,,硕士,,互联网游戏、投资,昆仑万维,中国-北京,47,-18%,-40
576,90.0,利蕴莲,先生,中国-香港,,,房地产,希慎兴业,中国-香港,70,-10%,9
576,90.0,刘銮鸿,先生,中国-香港,,,房地产,利福国际,中国-香港,71,6%,130
576,90.0,刘振东,先生,中国-河北-唐山,,,房地产,联东,中国-北京,53,-10%,9
576,90.0,陆兆禧,先生,中国-广东-广州,本科,,电子商务、金融科技,阿里系,中国-浙江-杭州,55,-5%,59
576,90.0,罗嘉瑞,先生,中国-香港,,,房地产,鹰君,中国-香港,71,-14%,-11
576,90.0,牛宜顺、牛腾,先生,中国-浙江-温州,,,轮胎、输送带、电力,华勤,中国-山东-济宁,69,-10%,9
576,90.0,潘刚,先生,中国-内蒙古-锡林郭勒盟,博士,,乳制品,伊利,中国-内蒙古-呼和浩特,54,-6%,58
576,90.0,秦华,先生,,,,宠物食品,乖宝宠物,中国-山东-聊城,56,6%,130
576,90.0,任建华,先生,中国-浙江-杭州,,,家用电器,老板电器,中国-浙江-杭州,67,-31%,-121
576,90.0,沈亚,先生,中国-浙江-温州,本科,,新零售,唯品会,中国-广东-广州,53,-18%,-40
576,90.0,史英文、董晓丽,先生,中国-广西-南宁,硕士,,房地产,荣和,中国-广西-南宁,59,-5%,59
576,90.0,苏志刚,先生,中国-广东-广州,,,旅游,长隆,中国-广东-广州,66,-10%,9
576,90.0,王文杉,先生,中国-台湾-台中,,,传媒,联合报业,中国-台湾-台北,54,0%,93
576,90.0,吴志刚,先生,中国-辽宁,,,食品,桃李面包,中国-辽宁-沈阳,89,-25%,-84
576,90.0,夏崇耀,先生,,,,电缆,东方电缆,中国-浙江-宁波,65,32%,348
576,90.0,向文波,先生,中国-湖南-益阳,硕士,,重型机械,三一,中国-湖南-长沙,62,-20%,-41
576,90.0,张建国、蔡丽红,先生,中国-广东-茂名,,,能源,九丰能源,中国-广东-广州,61,13%,179
576,90.0,钟乃雄,先生,,硕士,,房地产、投资,能兴,中国-广东-佛山,61,-18%,-40
576,90.0,钟英武,先生,中国-湖南-岳阳,硕士,,游戏,趣加科技,中国-北京,39,-10%,9
576,90.0,朱世会,先生,中国-广东-广州,,,稀散金属,先导科技,,57,NEW,New
576,90.0,卓军,女士,中国-香港,,,印刷电路板,景旺电子,中国-广东-深圳,未知,13%,179
615,88.0,毛中吾,先生,中国-湖南,本科,,重型机械,三一,中国-湖南-长沙,62,-19%,-51
616,86.0,洪浩,先生,,博士后,,医药,凯莱英,中国-天津,68,-43%,-239
616,86.0,周亚辉,先生,中国-云南-丽江,硕士,,互联网游戏、投资,昆仑万维,中国-北京,47,-22%,-80
618,85.0,鲍洪星,先生,中国-江西-龙南,,,畜牧,双胞胎,,60,42%,390
618,85.0,蔡海山,先生,,,,医药,联邦制药,中国-香港,46,31%,322
618,85.0,蔡其瑞,先生,中国-台湾,,,服装,宝成,中国-台湾-台中,73,13%,195
618,85.0,陈湖文,先生,中国-广东-汕头 ,,,文具用品制造,晨光,中国-上海,54,-23%,-82
618,85.0,陈湖雄,先生,中国-广东-汕头 ,,,文具用品制造,晨光,中国-上海,54,-23%,-82
618,85.0,陈士斌、邵静,先生,中国-江苏-连云港,,,石英制品,石英股份,中国-江苏-连云港,58,-55%,-338
618,85.0,陈仕荣,先生,中国-台湾,,,鞋业,丰泰,中国-台湾-斗六,未知,6%,137
618,85.0,程立力、沈静,先生,,硕士,,畜牧,立华股份,中国-江苏-常州,59,0%,88
618,85.0,杜锦豪、祁菊,先生,中国-江苏-,,,医药,艾力斯,中国-上海,70,55%,472
618,85.0,何志平、张文莉,先生,中国-江西,,,投资,华建,中国-广东-深圳,59,-26%,-97
618,85.0,黄子欣,先生,,,,消费电子产品,伟易达,中国-香港,75,6%,137
618,85.0,寇晓康、高月静,先生,,,,新材料,蓝晓科技,中国-陕西-西安,57,-29%,-126
618,85.0,梁安琪,女士,中国-广东-广州,,,博彩,澳博,中国-香港,63,-6%,51
618,85.0,梁勤、王毅,先生,中国-江苏-扬州,,,半导体,扬杰科技,中国-江苏-扬州,53,0%,88
618,85.0,凌斌、王曦,先生,,,,电子器件制造,康冠科技,中国-广东-深圳,56,-19%,-53
618,85.0,陆风,先生,,,,数据服务,万得资讯,中国-上海,56,0%,88
618,85.0,罗乐风,先生,中国-香港,,,服装,晶苑国际,英国-伦敦,未知,42%,390
618,85.0,秦荣华,先生,中国-台湾,,,汽车零部件,敏实,中国-浙江-宁波,66,-35%,-163
618,85.0,荣智权,未知,,硕士,,银行业,上海商银,台湾台北,未知,NEW,New
618,85.0,束崇万,先生,中国-台湾,,,半导体,创见信息,中国-台湾-台北,70,31%,322
618,85.0,宋飞,先生,,本科,,机械制造,艾迪精密,中国-山东-烟台,58,-15%,-33
618,85.0,孙惠刚,先生,,,,投资,万华化学,中国-山东-烟台,未知,-11%,17
618,85.0,童锦泉,先生,中国-江苏-南通,,,房地产,长峰房地产,中国-上海,69,-15%,-33
618,85.0,王硕,先生,中国-北京,,,企业服务,Deel,美国-西雅图,34,31%,322
618,85.0,魏学专,先生,中国-山东-淄博,,,化工,汇丰石化,中国-山东-淄博,71,6%,137
618,85.0,夏鼎湖、夏迎松,先生,中国-安徽,硕士,,汽车零部件,中鼎,中国-安徽-宁国,80,-3%,84
618,85.0,徐广福、徐翔,先生,,,,电气设备制造、太阳能,大全,中国-江苏-镇江,未知,-37%,-191
618,85.0,叶琼玖,先生,中国-浙江-宁波,,,软件,同花顺,中国-浙江-杭州,70,-37%,-191
618,85.0,俞浩,先生,中国-江苏-南通,,,智能家电,追觅科技,中国-江苏-苏州,37,63%,539
618,85.0,张国涛、卢依雯,先生,中国-河南-开封,,,珠宝首饰,迪阿,中国-广东-深圳,39,-37%,-191
618,85.0,张积敏,先生,,,,钢铁,青山控股,中国-浙江-温州,61,NEW,New
618,85.0,张涛,先生,中国-上海,硕士,,生活服务,美团,中国-上海,52,-11%,17
618,85.0,张兴礼,先生,中国-重庆,,,汽车、汽车零配件,小康控股,中国-重庆,67,NEW,New
618,85.0,张兴明,先生,中国-重庆,,,汽车、汽车零配件,小康控股,中国-重庆,67,NEW,New
618,85.0,赵宗信,未知,,,,电子元件,健策,台湾桃园,未知,NEW,New
653,83.0,孙宏斌,先生,中国-山西-运城,硕士,清华大学,房地产,融创,中国-天津,61,-31%,-161
653,83.0,王吉雷,先生,,,,快递,中通,中国-上海,59,-8%,16
653,83.0,赵永昌,未知,,,,电子元件,健策,台湾桃园,未知,NEW,New
656,80.0,曾开天,先生,,本科,,网络游戏,三七互娱,中国-安徽-芜湖,未知,-24%,-91
656,80.0,陈德军,先生,中国-浙江-杭州,本科,,物流,申通快递,中国-上海,54,-6%,50
656,80.0,陈建成、陈嫣妮,先生,中国-浙江-绍兴,,,电气设备、房地产,卧龙控股,中国-浙江-绍兴,65,-11%,13
656,80.0,陈文源、张茜,先生,,,,设备制造,华兴源创,中国-江苏-苏州,56,-27%,-120
656,80.0,成三荣、金成成,先生,,,,汽车配件,沪光股份,中国-江苏-苏州,61,60%,523
656,80.0,高兴江,先生,中国-浙江-湖州,硕士,,不锈钢,永兴特钢,中国-浙江-湖州,61,-27%,-120
656,80.0,洪水树,先生,中国-台湾-台南,,,设备制造,可成科技,中国-台湾-台南,65,10%,205
656,80.0,胡扬忠,先生,中国-湖北-武汉,,,视频监控产品,海康威视,中国-浙江-杭州,59,-20%,-71
656,80.0,江南,先生,中国-山东-济南,,,房地产、工业制造,圣丰,中国-广东-广州,61,-6%,50
656,80.0,井贤栋,先生,,硕士,,电子商务、金融科技,阿里系,中国-浙江-杭州,52,-6%,50
656,80.0,李斌,先生,中国-安徽,,北京大学,电动车,蔚来、易车,中国-北京,50,-53%,-331
656,80.0,李东生,先生,中国-广东-惠州,本科,,家用电器及半导体产品,TCL,中国-广东-惠州,67,0%,99
656,80.0,李国库,先生,,,,餐饮,千喜鹤,中国-河北-石家庄,未知,-16%,-21
656,80.0,李国庆,先生,中国-浙江,,,化纤,荣盛控股,中国-浙江-杭州,54,-20%,-71
656,80.0,李卫伟,先生,中国-四川-成都,,,网络游戏,三七互娱,中国-安徽-芜湖,47,-27%,-120
656,80.0,李永庆,先生,中国-浙江,,,化纤,荣盛控股,中国-浙江-杭州,60,-20%,-71
656,80.0,梁信军,先生,中国-浙江-台州,本科,长江商学院,投资,-,新加坡,56,-11%,13
656,80.0,刘程宇、刘玲,先生,中国-福建-宁德,本科,,电力设备,科士达,中国-广东-深圳,62,-38%,-201
656,80.0,刘天文,先生,,,,软件与信息服务,软通动力,中国-北京,61,NEW,New
656,80.0,刘晓东,先生,,,,香料、酒业,百润,中国-上海,57,-45%,-268
656,80.0,龙大强、孟丽叶,先生,,,,光伏电池,中润光能,中国-江苏-徐州,未知,NEW,New
656,80.0,罗阳勇、刘玉霞,先生,,,,钒钛磁铁矿,安宁股份,中国-四川-攀枝花,49,-16%,-21
656,80.0,阮水龙,先生,中国-山东-济宁,,,化工、钢铁,龙盛,中国-浙江-绍兴,89,0%,99
656,80.0,沈华、胡畏,先生,,,,半导体,斯达半导,中国-浙江-嘉兴,61,-43%,-250
656,80.0,盛百椒,先生,中国-上海,本科,,鞋业,百丽,中国-广东-深圳,72,7%,157
656,80.0,施崇棠,先生,中国-台湾-彰化,,,电脑产品,华硕,中国-台湾-台北,72,23%,284
656,80.0,苏庆灿,先生,,,,医疗服务,华厦眼科,中国-厦门,55,-61%,-395
656,80.0,孙怀庆、王晓蒲,先生,中国-重庆,,,化妆品,丸美,中国-广东-广州,55,-16%,-21
656,80.0,孙清焕、孙项邦,先生,中国-江西-宜春,本科,江西工程学院,光学光电,木林森,中国-广东-中山,51,-6%,50
656,80.0,孙喜双,先生,中国-吉林,,,房地产、投资,一方,中国-北京,71,-1%,95
656,80.0,孙勇坚,先生,,,,地产、贸易,宝矿,中国-上海,58,0%,99
656,80.0,唐敖齐,先生,,,,汽车配饰,新泉股份,中国-江苏-常州,79,-27%,-120
656,80.0,陶悦群,先生,,博士,,医疗器械制造、销售,欧普康视,中国-安徽-合肥,64,-30%,-135
656,80.0,汪力成,先生,中国-浙江-杭州,本科,,医药、投资,华立,中国-浙江-杭州,64,-11%,13
656,80.0,王仕锐,先生,,,,医疗服务,医联,中国-四川-成都,37,0%,99
656,80.0,王文渊,先生,中国-台湾-台北,,,化工,台塑,中国-台湾-高雄,77,-20%,-71
656,80.0,肖日明,先生,中国-上海,,,电力设备,华明装备,中国-上海,88,60%,523
656,80.0,许江南、许晶,先生,,,,医药,天新药业,中国-江西-景德镇,62,-6%,50
656,80.0,许庆奎、许英强,先生,,,,钢铁、冶金、机械,九羊,中国-山东-莱芜,未知,-6%,50
656,80.0,许月娟,先生,中国-浙江,,,化纤,荣盛控股,中国-浙江-杭州,未知,-20%,-71
656,80.0,杨元庆,先生,中国-安徽-合肥,硕士,,计算机服务、投资,联想,中国-北京,60,18%,268
656,80.0,杨长基,先生,,,,消费电子产品,金像电子,中国-台湾-桃园,未知,NEW,New
656,80.0,叶德林、李要,先生,中国-广东-佛山,,,建筑陶瓷,新明珠,中国-广东-佛山,56,0%,99
656,80.0,钟德礼,未知,,本科,,鞋业,来亿兴业,台湾台中,未知,NEW,New
656,80.0,周庆治,先生,,本科,,电池、投资,南都,中国-香港,69,-20%,-71
701,78.0,欧雷强,先生,美国,硕士,,医药,百济神州,中国-北京,56,-29%,-165
702,77.0,周志文、冯宇霞,先生,,硕士,,生物医药,昭衍新药,中国-北京,59,-23%,-117
703,76.0,苗拥军,先生,中国-河南-郑州,硕士,,医药制造业,安图生物,中国-河南-郑州,57,-7%,45
704,75.0,曹德风、孟海蒂,先生,,,,食品和饮料,佳格,中国-台湾-台北,79,3%,157
704,75.0,曾继疆,先生,中国-湖南,,,电子器件制造,宏达电子,中国-湖南-株洲,62,-32%,-168
704,75.0,陈慧慧,女士,中国-香港,,,房地产,南丰,中国-香港,65,3%,157
704,75.0,方玉友,先生,中国-浙江-温州,,,化妆品,珀莱雅,中国-浙江-杭州,55,-25%,-119
704,75.0,冯国纶,先生,中国-广东-江门,,,物流,利丰,中国-香港,76,0%,109
704,75.0,顾江生,先生,中国-浙江-台州,本科,浙江大学,家具,顾家家居,中国-浙江-杭州,51,-57%,-391
704,75.0,吉为、吉喆,先生,,,,通信设备,威胜信息,中国-长沙,67,50%,475
704,75.0,蒋伟、游捷,先生,,,,生物医药,昊海生物,中国-上海,未知,-17%,-35
704,75.0,柯为湘,先生,中国-广东-潮州,,,房地产,保利达,中国-香港,73,-21%,-69
704,75.0,柯希平,先生,中国-福建-泉州,本科,,投资、地产,恒兴实业,中国-福建-厦门,64,-6%,51
704,75.0,李阔,先生,,,,母婴产品,白贝壳,中国-浙江-杭州,未知,0%,109
704,75.0,李添财,先生,,,,食品和饮料,金车,中国-台湾-台北,86,0%,109
704,75.0,李晓华,先生,中国-云南,,,包装盒生产,恩捷股份,中国-云南-玉溪,62,-44%,-277
704,75.0,刘伟,先生,中国-广东-梅州,本科,,软件和信息技术,佳都科技,中国-广东-广州,59,-6%,51
704,75.0,卢宗俊,先生,,,,物流,中谷物流,中国-上海,61,-12%,2
704,75.0,马斌、陈小琴,先生,,,,电气机械和器材,神马,中国-上海,54,36%,386
704,75.0,任晋生,先生,中国-江苏-南京,,,生物医药,先声药业,中国-江苏-南京,62,0%,109
704,75.0,茹伯兴、茹正伟,先生,中国-江苏-常州,本科,,工业制造、房地产,百兴,中国-江苏-常州,77,0%,109
704,75.0,佘英杰,先生,,,,电子设备制造,新豪国际,中国-香港,67,15%,236
704,75.0,宋卫平、夏一波,先生,中国-浙江-绍兴,本科,,房地产,绿城,中国-浙江-杭州,66,-6%,51
704,75.0,谭炳照,先生,,,,房地产,敏捷,中国-广东-广州,60,-25%,-119
704,75.0,谭莉莉,先生,,,,饲料,海大,中国-广东-广州,未知,-17%,-35
704,75.0,王晖,先生,,,,半导体,盛美半导体,中国-上海,63,-17%,-35
704,75.0,王文潮,先生,中国-台湾-台北,,,化工,台塑,中国-台湾-高雄,73,-17%,-35
704,75.0,王文洋、王思涵,先生,中国-台湾-新北,,,化学原料,宏仁,中国-台湾-台北,73,-17%,-35
704,75.0,王信文,先生,,,,游戏,莉莉丝,中国-上海,37,-12%,2
704,75.0,王义平,先生,中国-浙江,,,汽车零部件,继峰股份,中国-浙江-宁波,63,-17%,-35
704,75.0,吴宝田,先生,,,,房地产、酒店,丽宝,中国-台湾-台北,73,0%,109
704,75.0,吴仲毅,先生,,,,通信,亿联网络,中国-福建-厦门,51,-12%,2
704,75.0,肖红星、刘锦婵,未知,中国-海南,本科,,电子元件,广合科技,广东广州,未知,NEW,New
704,75.0,徐万茂,先生,中国-浙江-宁波,,,文具、教育、房地产、金融,华茂,中国-浙江-宁波,79,-12%,2
704,75.0,闫洪嘉,先生,中国-山西-沂州,,,新能源,宇泽,中国-广东-东莞,44,-6%,51
704,75.0,杨浩涌,先生,中国-安徽-合肥,硕士,,汽车服务,车好多,中国-北京,50,0%,109
704,75.0,杨秋梅,未知,,博士,,人工智能,商汤科技,香港,未知,-25%,-119
704,75.0,杨钊,先生,中国-广东-惠州,本科,,服装、房地产,旭日企业,中国-香港,77,3%,157
704,75.0,杨志茂、朱凤廉,先生,中国-广东-东莞,本科,,投资,新世纪科教,中国-广东-东莞,61,-17%,-35
704,75.0,俞其兵,先生,中国-浙江,,,玻璃,旗滨,中国-浙江-宁波,59,-38%,-212
704,75.0,张伟祥,先生,中国-浙江-绍兴,,,钢铁、矿业、船运,建龙,中国-北京,未知,-6%,51
704,75.0,张新,先生,中国-甘肃-武威,,,电气机械和器材制造,特变电工,中国-新疆-昌吉,62,-6%,51
743,73.0,李林,先生,,硕士,,区块链,火币,中国-北京,42,4%,153
744,72.0,方同华,先生,中国-安徽-毫州,硕士,,医药,珍宝岛药业,中国-黑龙-江鸡西,61,-10%,11
744,72.0,李晓林,先生,中国-北京,博士,,房地产、投资,林达,中国-北京,71,-10%,11
744,72.0,邵晓峰,先生,中国-浙江-杭州,,,电子商务、金融科技,阿里系,中国-浙江-杭州,59,-4%,69
747,71.0,蔡荣军,先生,中国-广东-汕头,本科,,光电子元器件,欧菲光,中国-广东-深圳,52,9%,193
747,71.0,陈奇星,先生,,,,电子元件,长盈精密,中国-广东-深圳,65,9%,193
747,71.0,彭永东,先生,,,,房地产服务,贝壳,中国-北京,45,-3%,114
747,71.0,沈汉标、王妙玉,先生,中国-广东-汕头,,,耐用消费品,好太太,中国-广东-广州,52,-29%,-162
747,71.0,王慧文,先生,,,,生活服务,美团,中国-辽宁-大连,46,-8%,64
747,71.0,易贤忠,先生,中国-湖北,本科,,生物医药,百奥泰,中国-广东-广州,65,-21%,-78
747,71.0,朱一明,先生,,硕士,,芯片研发,兆易创新,中国-北京,52,-12%,4
754,70.0,陈海波,先生,中国-江苏-连云港,,,人工智能,深兰科技,中国-上海,55,0%,142
754,70.0,陈精业,未知,,本科,,网络游戏、电商,冬海集团,新加坡,未知,NEW,New
754,70.0,戴文渊、吴茗,先生,中国-江苏-苏州,,,人工智能,第四范式,中国-北京,41,-18%,-48
754,70.0,高毅,先生,中国-湖南-常德,,,医药零售,益丰药房,中国-湖南-长沙,56,-26%,-119
754,70.0,耿建明、杨小青,先生,中国-江苏-南京,博士,武汉理工大学,房地产,荣盛,中国-河北-廊坊,62,-39%,-233
754,70.0,郭建刚,先生,中国-广东-佛山,,,小家电,新宝电器,中国-广东-佛山,58,-18%,-48
754,70.0,韩玉龙、陆剑霞,先生,中国-江苏-南通,,,餐饮,Manner,中国-上海,39,0%,142
754,70.0,侯昌财,先生,中国-福建-泉州,,,房地产,源昌,中国-福建-厦门,68,-13%,1
754,70.0,黄健,先生,中国-湖南-岳阳,,,家电制造,美的,中国-广东-佛山,57,17%,254
754,70.0,黄伟、李萍,先生,中国-浙江-温州,本科,温州大学,房地产、金融,新湖,中国-浙江-杭州,65,-62%,-464
754,70.0,黄泽兰、赖香英,先生,中国-江西-赣州,,,钨矿,章源钨业,中国-江西-赣州,69,0%,142
754,70.0,姜雪飞、朱雪花,先生,中国-辽宁-大连,,,印刷电路板,崇达科技,中国-广东-深圳,55,-18%,-48
754,70.0,李国强,先生,,,,汽车销售,中升控股,中国-北京,60,-44%,-283
754,70.0,李进、李麒麟,先生,,,,体育用品、投资,李宁,中国-四川-成都,54,-19%,-50
754,70.0,李振江,先生,中国-河北-石家庄,,,医药,神威,中国-河北-石家庄,67,13%,245
754,70.0,李志远、靖宇清,先生,中国-广西-南宁,,,变压器,金盘科技,中国-海南-海口,69,-7%,59
754,70.0,聂云宸,先生,,,,餐饮,喜茶,中国-广东-深圳,33,-18%,-48
754,70.0,彭军,先生,,,,自动驾驶技术,小马智行,美国,未知,0%,142
754,70.0,乔玉华,先生,中国-内蒙古-鄂尔多斯,,,煤炭、热电、化工,双欣,中国-内蒙古-鄂尔多斯,58,4%,174
754,70.0,孙伟杰,先生,中国-山东,,,石油专用设备,杰瑞石油,中国-山东-烟台,61,0%,142
754,70.0,谭瑞清、张晓琳,先生,中国-河南,本科,,钛白粉,龙佰,中国-河南-郑州,58,-5%,105
754,70.0,唐晔,先生,,硕士,,信息技术,柏楚电子,中国-上海,43,-7%,59
754,70.0,王锦华、宋英,先生,中国-浙江,博士,,矿产,金石资源,中国-浙江-杭州,61,-13%,1
754,70.0,王敏文,先生,中国-浙江,硕士,,半导体,立昂微,中国-浙江-衢州,61,-26%,-119
754,70.0,吴崇仪,先生,中国-台湾,,,汽车零部件,至兴,中国-台湾-彰化,65,-4%,107
754,70.0,徐冠巨,先生,中国-浙江-杭州,硕士,,化工、农业、投资,传化,中国-浙江-杭州,63,-18%,-48
754,70.0,许志翰,先生,,硕士,,电子器件制造,卓胜微,中国-江苏-无锡,52,-39%,-233
754,70.0,薛济萍,先生,中国-江苏-南通,,,电缆,中天科技,中国-江苏-南通,73,-7%,59
754,70.0,姚其湧,先生,,,,投资,宏兆,中国-广东-深圳,60,0%,142
754,70.0,袁菁,先生,,,,游戏,沐瞳科技,中国-上海,44,0%,142
754,70.0,张大中,先生,中国-北京,,,投资,大中,中国-北京,76,-20%,-52
754,70.0,张晖,先生,中国-江苏,,,运输,满帮,中国-江苏-南京,46,0%,142
754,70.0,张利钿,先生,中国-广东-潮州,,,乳业,雅士利,中国-广东-潮州,60,8%,186
754,70.0,张跃、赖玉静,先生,中国-湖南-长沙,,,环保建筑,远大,中国-湖南-长沙,64,-22%,-85
754,70.0,周国辉,先生,中国-广东-梅州,,,供应链,怡亚通,中国-广东-深圳,59,-7%,59
754,70.0,周骏,先生,,,,饮料,景田,中国-广东-深圳,未知,8%,186
754,70.0,庄奎龙,先生,,,,化纤,新凤鸣,中国-浙江-嘉兴,62,-18%,-48
754,70.0,左宗申,先生,中国-重庆,,,摩托车、房地产,宗申,中国-重庆,71,27%,336
792,68.0,AllanWarburg王沛德,先生,丹麦,,,服装零售,绫致时装,中国-北京,58,13%,216
792,68.0,DanFriis丹飞,先生,,,,服装零售,绫致时装,中国-北京,55,13%,216
792,68.0,丹宏,先生,,,,面粉,五得利,中国-河北-邯郸,未知,-7%,69
792,68.0,傅明康,先生,,,,机械配件,日月股份,中国-浙江-宁波,61,-32%,-207
792,68.0,邵建雄,先生,中国-浙江,,,光伏逆变器,禾迈股份,中国-浙江-杭州,60,-20%,-86
792,68.0,伍超群,先生,中国-四川-眉山,硕士,,食品,千禾味业,中国-四川-眉山,55,-20%,-86
792,68.0,张德生,先生,中国-浙江,,,电缆、房地产、医药,万马电线电缆,中国-浙江-杭州,75,-7%,69
799,67.0,康永来,未知,,,,航天,天兵科技,江苏苏州,未知,NEW,New
799,67.0,柯桂华,先生,,,,汽车电子产品,科博达,中国-上海,59,-42%,-278
799,67.0,张华,先生,,,,农业、造纸、矿产,福华,中国-四川-成都,未知,-8%,62
799,67.0,赵曰岭,先生,中国-山东,,,化工,金岭,中国-山东-东营,72,5%,188
803,66.0,丁锋,先生,,,,充电桩,星星充电,中国-江苏-常州,58,0%,127
803,66.0,邵丹薇,女士,中国-江苏-常州,,,充电桩,星星充电,中国-江苏-常州,42,0%,127
803,66.0,夏曙东,先生,中国-湖北-黄冈,博士,,智能交通,千方科技,中国-北京,52,-18%,-48
803,66.0,袁桂宝、袁晓曦,先生,,,,房地产、园林,鸿宝集团,中国-河南-郑州,未知,-18%,-48
803,66.0,赵鹏,先生,中国-山西-长治,,,招聘网站,BOSS直聘,中国-北京,54,-20%,-55
808,65.0,包松安,先生,中国-浙江-温州,,,房地产、投资,亿联投资,中国-天津,未知,-17%,0
808,65.0,曹骥、曹政,先生,中国-浙江,,,锂电池,杭可科技,中国-浙江-杭州,72,-41%,-272
808,65.0,陈邦栋,先生,,,,输配电设备,思源电气,中国-上海,54,30%,371
808,65.0,陈保华,先生,中国-浙江-台州,本科,,医药,华海药业,中国-浙江-台州,62,0%,132
808,65.0,陈竞宏,先生,,,,汽车零部件,华达科技,中国-江苏-泰州,78,NEW,New
808,65.0,程涌、贺波,先生,中国-湖南-沅江,,,高密度印制电路板,奥士康,中国-广东-深圳,50,-13%,5
808,65.0,邓耀升,先生,中国-香港,,,房地产,升域,中国-香港,38,0%,132
808,65.0,丁永强,先生,中国-湖北-随州,,,光伏设备,古瑞瓦特,中国-广东-深圳,44,-28%,-139
808,65.0,董清世、施丹红,先生,,,,玻璃,信义,中国-香港,58,-24%,-102
808,65.0,何中林,先生,,,,锂电池材料,融通,中国-黄石,56,-13%,5
808,65.0,李朝旺,先生,中国-广东-江门,硕士,,生活卫生产品,维达国际,中国-香港,66,18%,282
808,65.0,李海周、谢燕玲,先生,中国-广东-梅州,,,电气设备,兆威机电,中国-广东-深圳,54,-24%,-102
808,65.0,李强,先生,,,,化妆品,百雀羚,中国-上海,未知,-7%,88
808,65.0,李思廉,先生,中国-香港,硕士,美国国立波士顿大学,投资、房地产,富力地产,中国-广东-广州,67,-7%,88
808,65.0,李小勤、徐梅钧,先生,中国-浙江-杭州,,,家具,匠心家居,中国-江苏-常州,53,NEW,New
808,65.0,李新炎、倪银英,先生,中国-福建-泉州,,,重型工程用车,中国龙工,中国-上海,73,0%,132
808,65.0,励建立,先生,,,,锂电池结构件,科达利,中国-广东-深圳,52,-35%,-223
808,65.0,廖杰远,先生,,,,医疗服务,微医,中国-浙江-杭州,未知,0%,132
808,65.0,刘明辉,先生,中国-香港,,,能源,中国燃气,中国-香港,61,-7%,88
808,65.0,刘庆峰,先生,中国-安徽-宣城,博士,,软件和信息技术服务业,科大讯飞,中国-安徽-合肥,51,-33%,-176
808,65.0,刘先兵,未知,,博士,,陶瓷材料,珂玛科技,江苏苏州,未知,NEW,New
808,65.0,刘修才,先生,,,,生物材料,凯赛生物,中国-上海,67,-35%,-223
808,65.0,陆永华、毛彩虹,先生,中国-江苏-南通,,,太阳能,林洋能源,中国-江苏-南通,61,-7%,88
808,65.0,罗康瑞,先生,中国-香港,,,房地产,瑞安,中国-香港,76,-11%,53
808,65.0,吕培榕,先生,中国-福建-泉州,,,投资、房地产、服装,大帝,中国-福建-泉州,65,-11%,53
808,65.0,明再远,先生,中国-四川-德阳,,,天然气,新天然气,中国-四川-德阳,61,18%,282
808,65.0,欧亚平,先生,中国-湖南-长沙,本科,,天然气、房地产,百仕达,中国-香港,62,0%,132
808,65.0,邱建林,先生,中国-浙江,硕士,,化纤,恒逸,中国-浙江-杭州,61,-11%,53
808,65.0,邱敏秀,先生,,博士,,机电设备,晶盛机电,中国-浙江-绍兴,79,-55%,-420
808,65.0,邱祥娟,先生,中国-浙江,,,化纤,恒逸,中国-浙江-杭州,未知,-11%,53
808,65.0,邱奕博,先生,中国-浙江,,,化纤,恒逸,中国-浙江-杭州,37,-11%,53
808,65.0,裘国根、骆奕,先生,中国-浙江-绍兴,本科,,投资,重阳投资,中国-上海,55,-7%,88
808,65.0,孙毅,先生,中国-浙江,硕士,,清洁能源装备,浙富控股,中国-浙江-杭州,57,-24%,-102
808,65.0,王建沂,先生,中国-浙江,,,光纤光缆,富通,中国-浙江-杭州,61,-63%,-495
808,65.0,王文城,先生,中国-广东,,,石材、房地产,大中,中国-广东-东莞,未知,-7%,88
808,65.0,温纯青、温瀚东,先生,中国-广东-梅州,,,烟草、房地产、白酒,大百汇,中国-广东-深圳,53,8%,200
808,65.0,吴波,先生,中国-江苏-南京,硕士,,机械装备制造,埃斯顿,中国-江苏-南京,70,-38%,-243
808,65.0,吴昕阳,先生,中国-台湾-台北,,,房地产,新光三越,中国-台湾-台北,未知,-11%,53
808,65.0,熊小川,先生,,,,医疗机械,美好创亿,中国-深圳,58,-13%,5
808,65.0,徐旭东、徐若桐,先生,,,,汽车零部件,旭升汽车技术,中国-浙江-宁波,54,-55%,-420
808,65.0,姚俊良,先生,,,,煤炭,美锦能源,中国-山西-太原,71,-13%,5
808,65.0,詹国海,先生,,,,石油化工,鑫海控股,中国-河北-沧州,56,18%,282
808,65.0,张波,先生,,,,生活服务,美团,中国-上海,未知,-11%,53
808,65.0,张近东,先生,中国-江苏-南京,本科,南京师范大学,零售、房地产,苏宁,中国-江苏-南京,61,-28%,-139
808,65.0,张思民、王劲松,先生,中国-吉林-长春,本科,,医药、房地产,海王,中国-广东-深圳,62,-13%,5
808,65.0,张轩松,先生,中国-福建-福州,,,超市零售,永辉,中国-福建-福州,53,-19%,-53
808,65.0,折生阳,先生,中国-陕西-西安,,,金属增材制造,铂力特,中国-陕西-西安,69,-38%,-243
808,65.0,钟志平,先生,中国-澳门,,,消费品,创科实业,中国-香港,71,30%,371
808,65.0,周伟建,先生,,,,墙面保护装饰,美涂士,中国-广东-广州,未知,-13%,5
808,65.0,朱敏、徐郁清,先生,中国-浙江-宁波,硕士,,投资,赛伯乐,中国-浙江-杭州,76,-11%,53
808,65.0,宗艳民,先生,,,,半导体材料,天岳先进,中国-山东-济南,60,-13%,5
859,63.0,褚健,先生,,,,软件系统,中控技术,中国-浙江-杭州,61,-21%,-104
859,63.0,樊铮,先生,中国-上海,,,新能源汽车,理想汽车,中国-北京,45,-50%,-388
859,63.0,黄关林,先生,中国-浙江,本科,,纺织、服装,申洲针织,中国-浙江-宁波,58,-16%,-46
859,63.0,石毅峰,先生,中国-山西-晋中,,,生物制药,爱美客,中国-北京,50,-50%,-388
859,63.0,王斌,先生,中国-湖南,,,餐饮连锁,书亦餐饮,中国-四川-成都,38,-19%,-51
864,62.0,程先锋,先生,,硕士,,医药,亿帆鑫富,中国-浙江-杭州,56,-17%,-51
864,62.0,戴珊,先生,,本科,,电子商务、金融科技,阿里系,中国-浙江-杭州,48,-5%,76
864,62.0,石克荣,先生,中国-河北-廊坊,,,食品,汇福,中国-河北-三河,67,-15%,-3
864,62.0,寿柏年,先生,中国-浙江-绍兴,本科,,物业管理,绿城服务,中国-浙江-杭州,62,-2%,127
864,62.0,吴泳铭,先生,,,,电子商务、金融科技,阿里系,中国-浙江-杭州,49,-5%,76
864,62.0,赵彤彤,先生,,,,连锁酒店,华住,中国-上海,未知,-23%,-109
870,61.0,贾国龙,先生,中国-内蒙古-巴彦淖尔,本科,,餐饮,西贝,中国-北京,57,2%,138
870,61.0,姜龙,先生,,,,声学及多媒体产品,歌尔股份,中国-山东-潍坊,50,NEW,New
870,61.0,徐观宝,先生,中国-浙江-杭州,,,化工、农业、投资,传化,中国-浙江-杭州,67,-19%,-57
870,61.0,尤金焕,先生,,,,化工、铝业、投资,华峰,中国-浙江-温州,未知,2%,138
870,61.0,赵凯,先生,,,,投资、房地产,成都环球世纪,中国-四川-成都,未知,-10%,54
875,60.0,蔡开云,先生,,,,白酒,稻花香,中国-湖北-宜昌,52,-25%,-120
875,60.0,陈睿,先生,中国-四川-成都,本科,,视频弹幕网站,哔哩哔哩,中国-上海,46,0%,133
875,60.0,杜伟民,先生,中国-江西-南昌,,暨南大学,生物医药,康泰生物,中国-广东-深圳,61,-37%,-240
875,60.0,辜侯天仪,先生,,,,水泥,台泥,中国-台湾-台北,未知,-8%,65
875,60.0,胡鹍辉,先生,中国-广东-深圳,,,生物科技,亚辉龙,中国-广东-深圳,33,20%,304
875,60.0,黄金祥、赵启荣,先生,中国-安徽-宣城,,,农药化肥、房地产,安徽广信,中国-安徽-宣城,59,-33%,-174
875,60.0,金鑫,先生,,,,钢结构产品,大金重工,中国-辽宁-阜新,57,-14%,21
875,60.0,柯利明,未知,,硕士,,娱乐,中国儒意,北京,未知,NEW,New
875,60.0,赖国贵,先生,,,,摩托车,春风控股集团,中国-浙江-杭州,60,-3%,124
875,60.0,李杰,先生,中国-四川,,,物流快递,极兔速递,印度尼西亚-雅加达,49,-45%,-339
875,60.0,李凯莉,女士,,,,殡葬服务,龙岩,中国-台湾-新北,未知,13%,272
875,60.0,李平,先生,中国-江西-赣州,硕士,,矿业开发、冶金贸易,天高,中国-广东-广州,60,-20%,-62
875,60.0,李咏怡,女士,,,,环保,粤丰环保,中国-广东-东莞,未知,0%,133
875,60.0,梁桐灿,先生,中国-广东-佛山,,,建筑陶瓷,宏宇,中国-广东-佛山,未知,-20%,-62
875,60.0,刘宝林,先生,中国-湖北-孝感,,,医药流通,九州通,中国-湖北-武汉,71,-20%,-62
875,60.0,楼天城,先生,,,,自动驾驶技术,小马智行,美国,未知,0%,133
875,60.0,鲁楚平、彭惠,先生,中国-湖北-孝感,本科,,工业电机,大洋电机,中国-广东-中山,59,-8%,65
875,60.0,吕绍林、程彩霞,先生,中国-湖南-邵阳,,,自动化设备,博众精工,中国-江苏-苏州,51,-20%,-62
875,60.0,缪双大、缪文彬,先生,中国-江苏-无锡,,,空调设备,双良,中国-江苏-无锡,73,-18%,-14
875,60.0,沈波,先生,,,,投资,分布式资本,中国-上海,61,9%,215
875,60.0,苏如春,先生,,,,房地产、建筑、投资,华邦,中国-广东-广州,56,-8%,65
875,60.0,孙中伟、温美婵,先生,中国-山东,,,便携储能电池、太阳能,华宝新能,中国-广东-深圳,46,9%,215
875,60.0,童文红,先生,,,,电子商务、金融科技,阿里系,中国-浙江-杭州,54,-5%,116
875,60.0,王佳、严立,先生,中国-云南-昆明,硕士,,网络安全,启明星辰,中国-北京,55,-40%,-290
875,60.0,王建东,先生,中国-河北-邯郸,,,钢铁,中建融东,中国-河北-邯郸,52,-25%,-120
875,60.0,王明鎏,先生,中国-四川-成都,硕士,,投资、区块链、游戏,毛球科技,中国-四川-成都,41,-33%,-206
875,60.0,王铭祥、周一峰,先生,中国-江苏-南通,硕士,,石油化工,东华能源,中国-江苏-南京,46,-18%,-14
875,60.0,王维东、许小菊,先生,中国-甘肃-酒泉,,,自动化设备,赢合科技,中国-广东-深圳,47,-14%,21
875,60.0,王霄锟、刘洧宏,先生,,,,餐饮连锁,茶百道,中国-四川-成都,41,-59%,-487
875,60.0,王跃旦,先生,,,,家用电器,富佳实业,中国-浙江-宁波,71,15%,282
875,60.0,王泽龙,先生,,,,钛白粉,中核钛白,中国-广东-广州,未知,-29%,-169
875,60.0,谢剑辉,先生,,,,汽车服务，产业园区,富兴,中国-湖南-长沙,未知,3%,193
875,60.0,徐进,先生,,,,白酒,口子窖,中国-安徽-淮北,59,-23%,-67
875,60.0,徐少春,先生,中国-湖南-益阳,本科,,财务软件,金蝶国际,中国-广东-深圳,61,-40%,-290
875,60.0,杨受成,先生,中国-香港,,,房地产,英皇,中国-香港,80,-18%,-14
875,60.0,袁莉萍,先生,,,,生物医药,康泰生物,中国-广东-深圳,53,-33%,-206
875,60.0,张清森,未知,,本科,,电子配件,绿联科技,广东深圳,未知,NEW,New
875,60.0,张勇,先生,,本科,,电子商务、金融科技,阿里系,中国-浙江-杭州,未知,-6%,112
875,60.0,张重兴,未知,,,,工业机械,台湾精锐,台湾台中,未知,NEW,New
875,60.0,赵满堂,先生,中国-甘肃-天水,,,矿业、酒店,盛达,中国-甘肃-天水,64,-14%,21
875,60.0,赵延平、杨云,先生,中国-吉林,本科,,卫星导航,华测导航,中国-上海,56,-8%,65
875,60.0,甄荣辉,先生,中国-香港,本科,,互联网服务,51job,中国-上海,62,0%,133
875,60.0,周旭明,先生,,,,化学品原料,科思股份,中国-江苏-南京,51,-24%,-71
918,59.0,陈泽民,先生,中国-重庆-江津,本科,,食品,三全食品,中国-河南-郑州,81,-23%,-107
918,59.0,刘德,先生,,硕士,,北京,小米,中国-北京,未知,NEW,New
918,59.0,姚劲波,先生,中国-湖南-益阳,本科,,生活服务,58同城,中国-北京,48,-2%,90
918,59.0,张亚、周文梅,先生,,,,微波电子器件,国光电气,中国-四川-成都,55,-41%,-333
918,59.0,赵鸿飞,先生,,硕士,,智能终端操作系统,中科创达,中国-北京,50,-49%,-397
923,58.0,吕建明,先生,中国-浙江,硕士,,医疗器械,通策医疗,中国-浙江-杭州,59,-32%,-217
923,58.0,申东日,先生,中国-黑龙江-绥化,,,服装,朗姿,中国-北京,52,-29%,-175
923,58.0,王德根、张强,先生,中国-四川,,,畜牧业、教育,德康农牧,中国-四川-成都,53,-36%,-254
923,58.0,吴城,先生,,,,矿业,国城,中国-北京,未知,-23%,-110
923,58.0,吴凯庭,先生,中国-福建-漳州,,,电子信息产品,万利达,中国-福建-漳州,未知,-32%,-217
923,58.0,谢识才,先生,中国-浙江-杭州,本科,,合金材料,博威合金,中国-浙江-宁波,63,-3%,85
923,58.0,余海军,先生,中国-浙江-绍兴,本科,,汽车销售,宝利德,中国-浙江-杭州,50,-11%,17
923,58.0,周华松、吴文利,先生,,,,淋浴设备,松霖科技,中国-福建-厦门,58,16%,256
923,58.0,周文、郭艺群,先生,,博士,,塑料制造、汽车配件,普利特,中国-上海,59,-32%,-217
932,57.0,陈学利、陈林,先生,,,,医疗器械,威高,中国-山东-威海,73,-43%,-347
932,57.0,苏增福,先生,中国-浙江-台州,,,厨具、投资,苏泊尔,中国-浙江-杭州,84,-10%,59
932,57.0,王富济,先生,,,,医药,片仔癀,中国-福建-漳州,未知,-24%,-119
932,57.0,吴惠芳,先生,中国-江苏-,,,钢铁,永钢,中国-江苏-苏州,未知,-12%,8
932,57.0,吴永华,先生,中国-福建,,,体育用品,安踏,中国-福建-厦门,54,-12%,8
932,57.0,钟培峰,先生,,硕士,,电子,晶晨股份,中国-上海,61,-29%,-177
932,57.0,周俊杰,先生,,,,餐饮设备,银都股份,中国-浙江-杭州,56,-5%,76
939,56.0,刘姗姗,女士,,,,半导体,摩尔线程,中国-北京,未知,0%,141
940,55.0,陈妙林,先生,中国-浙江-杭州,,,房地产,开元旅业,中国-浙江-杭州,72,0%,150
940,55.0,陈清州、翁丽敏,先生,中国-福建-泉州,,,专业无线通信设备,海能达,中国-广东-深圳,59,-21%,-44
940,55.0,陈育宣、林德英,先生,中国-江西-九江,,,电子元件连接器,电连技术,中国-广东-深圳,58,-8%,68
940,55.0,陈卓贤,先生,中国-广东-中山,,,投资、房地产,雅居乐,中国-广东-广州,57,-8%,68
940,55.0,邓颖忠,先生,中国-广东,,,生活用纸,中顺洁柔,中国-广东-中山,73,-31%,-185
940,55.0,郭振宇、KevinGuo,先生,中国-云南-昆明,,,护肤品,贝泰妮,中国-云南-昆明,61,-56%,-469
940,55.0,何德佑,未知,,,,电子元件,嘉泽端子,台湾基隆,未知,NEW,New
940,55.0,何亚民,先生,中国-四川,,,机械制造,利君股份,中国-四川-成都,67,-25%,-79
940,55.0,花轩德,先生,中国-浙江-台州,,,医药,中贝九洲,中国-浙江-台州,81,-48%,-375
940,55.0,黄炳文,先生,,,,印刷,东风印刷,中国-广东-汕头,70,-21%,-44
940,55.0,黄善兵,先生,,,,半导体器件,捷捷微电,中国-江苏-南通,68,10%,239
940,55.0,黄婉茹,先生,,,,基础建设、房地产,联泰,中国-广东-汕头,未知,-8%,68
940,55.0,江淦钧,先生,中国-广东-广州,,,家具,索菲亚,中国-广东-广州,60,-15%,0
940,55.0,姜桂廷、宋桂花,先生,,本科,,设备制造,景津环保,中国-山东-德州,66,-31%,-185
940,55.0,蒋锦志,先生,,本科,,投资,景林资产,中国-上海,未知,0%,150
940,55.0,金磊,先生,,,,生物制药,长春高新,中国-吉林-长春,59,-45%,-355
940,55.0,黎经华,先生,,,,家具零售,罗浮宫家居,中国-广东-佛山,62,-8%,68
940,55.0,李建华、李晓奇,先生,中国-广东-梅州,,,地板,威华,中国-广东-广州,71,-8%,68
940,55.0,李文美、王继华,先生,中国-吉林-长春,硕士,,快速诊断试剂,万孚生物,中国-广东-广州,62,-8%,68
940,55.0,李学凌,先生,,,,游戏、语音软件,欢聚时代,中国-广东-深圳,51,0%,150
940,55.0,李缜、李晨,先生,,,,电池、房地产、影视、投资,国轩高科,中国-安徽-合肥,60,-19%,-16
940,55.0,林海川,先生,中国-广东-东莞,硕士,,仓储物流,宏川,中国-广东-东莞,52,-31%,-185
940,55.0,吕大龙,先生,,,,投资,韦尔股份,中国-北京,未知,-8%,68
940,55.0,马国林,先生,中国-浙江,,,化工,卫星石化,中国-浙江-嘉兴,60,6%,217
940,55.0,孟庆南,先生,中国-湖北,硕士,,通信设备元件,武汉凡谷,中国-湖北-武汉,66,2%,202
940,55.0,潘龙泉,先生,,,,电动工具,泉峰,中国-江苏-南京,61,-31%,-185
940,55.0,彭浩,先生,中国-陕西-咸阳,硕士,,通信部件,信维通信,中国-广东-深圳,57,4%,207
940,55.0,瞿晓铧、张含冰,先生,,,,光伏设备,阿特斯,中国-上海,60,-31%,-185
940,55.0,商晓波、邓烨芳,先生,中国-浙江-绍兴,,,金属结构制造业,鸿路钢构,中国-安徽-合肥,50,-48%,-375
940,55.0,束小龙、董雪,先生,中国-安徽-合肥,,,餐饮,老乡鸡,中国-安徽-合肥,36,0%,150
940,55.0,孙永根,先生,中国-浙江-绍兴,,,化纤,天圣控股,中国-浙江-绍兴,53,-4%,133
940,55.0,汪东颖,先生,中国-甘肃-兰州,,,打印设备,纳思达,中国-广东-珠海,58,0%,150
940,55.0,王刚,先生,,,,物流,满帮,中国-浙江-杭州,48,-8%,68
940,55.0,王坚,先生,,本科,,电子商务、金融科技,阿里系,中国-浙江-杭州,62,0%,150
940,55.0,王俊,先生,,本科,,医疗大数据、基因检测,碳云、华大基因,中国-广东-深圳,48,-8%,68
940,55.0,伍亚林、伍阿凤,先生,中国-福建-莆田,,,汽车零部件,博俊科技,中国-江苏-苏州,57,NEW,New
940,55.0,谢秉政、冯玲玲,先生,中国-浙江-温州,,,服装,比音勒芬,中国-广东-广州,55,-35%,-234
940,55.0,杨文龙,先生,中国-江西-宜春,硕士,,医药,仁和药业,中国-江西-宜春,62,-25%,-79
940,55.0,姚文琛,先生,,,,文娱,姚记扑克,中国-上海,73,-25%,-79
940,55.0,张学武,先生,,,,食品制造,盐津铺子,中国-湖南-长沙,50,-27%,-127
940,55.0,张学政,先生,,本科,,半导体,闻泰科技,中国-浙江-嘉兴,49,-39%,-271
940,55.0,张镇潮,先生,,,,财税软件,税友股份,中国-浙江-杭州,57,-35%,-234
940,55.0,赵轶、徐昕,先生,中国-浙江,本科,,半导体设备,长川科技,中国-浙江-杭州,48,-15%,0
940,55.0,郑元豹,先生,中国-浙江-温州,,,工业电器、房地产、投资,人民电器,中国-浙江-温州,66,-8%,68
940,55.0,钟声坚,先生,中国-广东-汕尾,,,房地产,仁恒,新加坡,66,-21%,-44
940,55.0,周光平,先生,,,,智能硬件与技术、投资,小米,中国-北京,未知,NEW,New
940,55.0,周剑,先生,,,,智能制造装备,迈为股份,中国-江苏-苏州,48,-50%,-404
987,54.0,杜越新,先生,,,,投资、拍卖,嘉德,中国-北京,未知,6%,188
987,54.0,耿殿根,先生,,硕士,,电信运营,光环新网,中国-北京,68,-14%,4
987,54.0,卢荣富,先生,,本科,,通信,亿联网络,中国-福建-厦门,53,-10%,21
987,54.0,徐子泉、康宁,先生,,本科,,软件与信息服务,捷成,中国-北京,66,-11%,18
991,53.0,奥凤廷,先生,,,,煤炭、热电、铝合金,蒙泰,中国-内蒙古-鄂尔多斯,65,NEW,New
991,53.0,代田田,先生,,硕士,,信息技术,柏楚电子,中国-上海,41,-12%,17
991,53.0,丁水波,先生,中国-福建-泉州,,,体育用品,特步,中国-福建-厦门,54,-27%,-130
991,53.0,刘满世,先生,中国-内蒙古,,,煤炭,满世,中国-内蒙古-鄂尔多斯,75,6%,188
991,53.0,邱达强,先生,中国-香港,,,石油化工,富地石油,中国-香港,62,-4%,99
991,53.0,施清岛,先生,,,,纺织材料,台华新材,中国-浙江-嘉兴,59,-4%,99
991,53.0,吴英,先生,,,,新材料,美畅,中国-北京,60,-52%,-455
991,53.0,谢可滔,先生,,硕士,,教育,中教,中国-香港,60,-18%,-51
991,53.0,熊晓鸽,先生,中国-湖南-湘潭,博士,,投资,IDG资本,中国-北京,69,6%,188
991,53.0,徐小平,先生,中国-江苏-泰兴,硕士,,投资,真格,中国-北京,68,6%,188
991,53.0,徐勇,先生,中国-河南,博士,,网络信息服务,百度,中国-北京,60,-41%,-322
991,53.0,阎焱,先生,中国-安徽-安庆,博士,,投资,赛富,中国-北京,67,6%,188
991,53.0,于果,先生,,硕士,,教育,中教,中国-香港,62,-18%,-51
991,53.0,庄辰超,先生,中国-上海,本科,,投资,斑马投资,中国-北京,48,6%,188
1005,52.0,冯陟旻,未知,,本科,,网络游戏、电商,冬海集团,新加坡,未知,NEW,New
1005,52.0,傅梅城,先生,中国-浙江-杭州,,,影视传媒,华策影视,中国-浙江-杭州,67,-12%,57
1005,52.0,李立新,先生,中国-浙江,,,塑胶产品、商业连锁、投资,利时,中国-浙江-宁波,57,-13%,3
1005,52.0,刘海燕,先生,中国-四川,,,机械电气、能源化工、房地产,大陆希望,中国-四川-成都,未知,-10%,63
1005,52.0,袁金华,先生,,本科,,重型机械,三一,中国-湖南-长沙,65,-19%,-18
1005,52.0,朱义文、朱剑乔,先生,,,,肿瘤检测,海吉亚,中国-上海,未知,-50%,-440
1011,51.0,胡季强,先生,中国-浙江,本科,,医药,康恩贝,中国-浙江-杭州,63,-11%,62
1011,51.0,彭翼捷,先生,,,,电子商务、金融科技,阿里系,中国-浙江-杭州,45,-6%,131
1011,51.0,涂建华,先生,,本科,,软件与信息服务,广联达,中国-北京,55,-9%,69
1011,51.0,王振滔、王晨,先生,中国-浙江-温州,,,鞋业、地产,奥康,中国-浙江-温州,59,-16%,-6
1011,51.0,尤小华,先生,,,,化工、铝业、投资,华峰,中国-浙江-温州,未知,2%,168
1011,51.0,周明华,先生,中国-浙江,硕士,,医药,华海药业,中国-浙江-台州,60,2%,168
1011,51.0,周云杰,先生,,,,包装,奥瑞金,中国-北京,63,-2%,146
1018,50.2,孙荫环,先生,中国-辽宁,,,房地产、软件园,亿达,中国-辽宁-大连,74,0%,161
1019,50.0,安治富,先生,中国-四川,本科,,房地产、运输,富临,中国-四川-绵阳,78,-19%,-20
1019,50.0,蔡浩、杨雪艳,先生,,,,光伏设备,中信博,中国-江苏-苏州,53,NEW,New
1019,50.0,曹建伟,先生,,博士,,机电设备,晶盛机电,中国-浙江-绍兴,46,-57%,-498
1019,50.0,曹克坚,先生,中国-浙江,,,压缩机,开山控股,中国-浙江-衢州,62,-38%,-264
1019,50.0,车冯升,先生,中国-山东,硕士,,医药,四环医药,中国-北京,62,-6%,128
1019,50.0,陈刚、欧春连,先生,,,,太阳能电池,爱旭股份,中国-上海,56,-62%,-564
1019,50.0,陈建造,未知,,,,美妆日用品连锁店,宝雅,台湾台南,未知,NEW,New
1019,50.0,陈茂春,先生,中国-福建-宁德,,,钢铁,兴华财富,中国-河北-邯郸,72,0%,160
1019,50.0,陈小英,先生,中国-浙江-杭州,,,物流,申通快递,中国-上海,48,0%,160
1019,50.0,陈育新、赵桂琴,先生,中国-四川,本科,,畜牧业、教育,华西希望,中国-四川-成都,74,-9%,71
1019,50.0,崔维星,先生,中国-山东-潍坊,本科,,快递,德邦快递,中国-上海,54,0%,160
1019,50.0,戴立忠,先生,中国-北京,,,医药制造业,圣湘生物,中国-湖南-长沙,56,NEW,New
1019,50.0,戴震,先生,中国-吉林-白城,,,充电服务,能链,中国-山东-青岛,46,-9%,71
1019,50.0,单建明、鲍凤娇,先生,中国-浙江-湖州,硕士,,纺织、房地产、投资,美欣达,中国-浙江-湖州,64,-15%,43
1019,50.0,丁佐宏,先生,中国-江苏-南通,硕士,,房地产、零售、制造,月星,中国-上海,62,-17%,-11
1019,50.0,方展城,先生,,,,调味品,海天味业,中国-广东-佛山,未知,NEW,New
1019,50.0,冯小华,先生,中国-广东-梅州,本科,,制糖业,洋浦南华糖业,中国-广西-南宁,68,-17%,-11
1019,50.0,付胜龙,先生,中国-湖南-邵阳,,,钢材贸易、房地产,大汉控股,中国-湖南-邵阳,62,-29%,-123
1019,50.0,黄伟常,先生,中国-香港,,,珠宝零售,六福,中国-香港,73,-9%,71
1019,50.0,纪海鹏,先生,中国-广东-汕头,,,房地产,龙光地产,中国-广东-深圳,57,-17%,-11
1019,50.0,江黎明,先生,中国-湖北-武汉,本科,,汽车经销,利泰,中国-广东-佛山,未知,-23%,-79
1019,50.0,蒋锡培、蒋承志,先生,中国-江苏-无锡,,,电缆、医药、房地产,智慧能源,中国-江苏-无锡,61,-23%,-79
1019,50.0,柯建生,先生,,,,家具,索菲亚,中国-广东-广州,60,NEW,New
1019,50.0,李俊田,先生,,,,工业自动化产品,汇川技术,中国-广东-深圳,49,-32%,-158
1019,50.0,李完小,先生,中国-湖南-长沙,,,航空设备,航天环宇,中国-湖南-长沙,58,-38%,-264
1019,50.0,李志刚,先生,,博士,,设备制造,帝尔激光,中国-湖北-武汉,48,-17%,-11
1019,50.0,林伯实,先生,中国-台湾-台北,,,建筑玻璃,台玻,中国-台湾-台北,79,-12%,54
1019,50.0,林鸿明,未知,,硕士,,半导体,信骅科技,台湾新竹,未知,NEW,New
1019,50.0,林集永,先生,中国-广东-惠阳,,,床垫,慕思,中国-广东-东莞,54,-23%,-79
1019,50.0,林晓辉、苏娇华,先生,,,,投资、房地产,伟禄,中国-香港,51,0%,160
1019,50.0,刘国伟,先生,,,,工业自动化产品,汇川技术,中国-广东-深圳,52,-33%,-206
1019,50.0,刘冀鲁、刘凌云,先生,中国-安徽,,,快递,顺丰,中国-香港,77,-9%,71
1019,50.0,鲁卫东,先生,,,,羊绒、煤电、冶金、房地产,鄂尔多斯,中国-内蒙-古鄂尔多斯,59,-4%,138
1019,50.0,马飞、黄峥,先生,中国-广东-河源,,,电子元件,飞荣达,中国-广东-深圳,56,-6%,128
1019,50.0,阙伟东,先生,,,,化工,确成股份,中国-江苏-无锡,56,NEW,New
1019,50.0,沈国荣,先生,,,,电网自动化,国电南瑞,中国-江苏-南京,未知,NEW,New
1019,50.0,孙洪军,先生,中国-辽宁-铁岭,,,芯片,艾为电子,中国-上海,51,-32%,-158
1019,50.0,孙雁军,未知,,,,金属回收,飞南资源,广东佛山,未知,NEW,New
1019,50.0,陶春风,先生,,,,高分子材料,长鸿高科,中国-浙江-宁波,57,-19%,-20
1019,50.0,陶意,先生,,,,游戏,波克,中国-上海,未知,-41%,-313
1019,50.0,田刚印,未知,,本科,,航天,联合飞机,广东深圳,未知,NEW,New
1019,50.0,万永兴,先生,,,,煤炭供应链管理、房地产,中瑞,中国-河南-郑州,53,-21%,-28
1019,50.0,王兵、赵文君,先生,中国-山东-东营,,,食品,十月稻田,中国-山东-东营,42,NEW,New
1019,50.0,王炳坤,先生,中国-广东-东莞,,,床垫,慕思,中国-广东-东莞,52,-23%,-79
1019,50.0,王春生、吕莉,先生,,本科,,消费电子组件,安洁科技,中国-江苏-苏州,49,NEW,New
1019,50.0,王力展,先生,,,,调味品,海天味业,中国-广东-佛山,未知,NEW,New
1019,50.0,王念强,先生,中国-安徽-铜陵,,,汽车、充电电池,比亚迪,中国-广东-深圳,60,NEW,New
1019,50.0,王晓申,先生,,,,有色金属冶炼加工,赣锋锂业,中国-江西-新余,56,-33%,-206
1019,50.0,王张兴,先生,中国-浙江-绍兴,,,房地产、投资,城市地产,中国-上海,57,0%,160
1019,50.0,韦锦坤、韦利东,先生,,,,计算机技术,泛微网络,中国-上海,71,-47%,-384
1019,50.0,文剑平,先生,中国-湖南,博士,,污水处理,碧水源,中国-北京,62,-12%,54
1019,50.0,吴亦圭,先生,中国-台湾,,,化工,台聚,中国-台湾-台北,72,-17%,-11
1019,50.0,谢卓明,未知,,本科,,电气设备,旭隼,台湾台北,未知,NEW,New
1019,50.0,徐国忠,先生,,,,设备制造,江苏国茂,中国-江苏-常州,61,-47%,-384
1019,50.0,徐明星,先生,,本科,,区块链,欧科云链,中国-北京,39,0%,160
1019,50.0,杨建良,先生,,,,光伏设备,弘元绿能,中国-江苏-无锡,55,-63%,-592
1019,50.0,杨龙忠,先生,中国-江西-上饶,本科,,汽车、充电电池,比亚迪,中国-广东-深圳,58,-9%,71
1019,50.0,姚雄杰,先生,中国-福建-龙岩,,,锂电新能源材料,盛屯,中国-广东-深圳,未知,-32%,-158
1019,50.0,叶华能,先生,中国-广东-梅州,,,新能源,宝丽华,中国-广东-广州,73,0%,160
1019,50.0,叶继跃、张桂玉,先生,中国-浙江,本科,,橡胶制品,三维股份,中国-浙江-台州,57,-24%,-89
1019,50.0,俞德超,先生,中国-浙江-台州,,,生物医药,信达生物,中国-江苏-苏州,60,NEW,New
1019,50.0,袁金钰,先生,,本科,,新型电子元件,顺络电子,中国-广东-深圳,68,0%,160
1019,50.0,袁帅,先生,,,,游戏,莉莉丝,中国-上海,37,-9%,71
1019,50.0,袁永彬、潘禾佳,先生,,,,汽车零部件,伯特利,中国-安徽-芜湖,62,-24%,-89
1019,50.0,张昊,先生,,,,游戏,莉莉丝,中国-上海,37,-9%,71
1019,50.0,张瑞安,先生,,硕士,,芯片,乐鑫科技,中国-上海,49,NEW,New
1019,50.0,张天瑜,先生,,,,通信设备,广和通,中国-广东-深圳,57,-33%,-206
1019,50.0,张伟,先生,,,,热电元件,热威股份,中国-浙江-杭州,67,-21%,-28
1019,50.0,赵贵钦,未知,,,,日化用品,润本股份,广东广州,未知,NEW,New
1019,50.0,赵玉乔,先生,中国-河北-迁安,,,钢铁、酒店,九江,中国-河北-迁安,未知,-17%,-11
1019,50.0,郑效东、郑可青,先生,,,,医疗设备,东富龙,中国-上海,60,-38%,-264
1019,50.0,钟怀军,先生,中国-四川-阿坝,,,食品,紫燕食品,中国-上海,60,-33%,-206
1019,50.0,周儒欣、周光宇,先生,中国-北京,硕士,,卫星导航设备,北斗星通,中国-北京,61,-14%,49
1019,50.0,周文起,先生,,,,铜业、房地产,华北,中国-天津,未知,0%,160
1019,50.0,周晓峰、张松梅,先生,,,,汽车零配件,宁波华翔,中国-浙江-宁波,55,-9%,71
1019,50.0,朱兴良,先生,中国-江苏-苏州,,苏州科技大学,建筑,金螳螂,中国-江苏-苏州,65,-23%,-79
